Date,close,open,high,low,volume
2010-01-10,330,330,335,330,220.00K
2010-01-11,330,330,330,330,20.00K
2010-01-12,350,340,350,340,140.00K
2010-01-13,345,340,360,340,130.00K
2010-01-18,325,325,325,325,40.00K
2010-01-19,350,345,350,345,30.00K
2010-01-20,355,355,355,355,10.00K
2010-01-21,350,360,360,345,80.00K
2010-01-26,345,350,350,345,250.00K
2010-01-27,345,345,345,345,50.00K
2010-01-28,350,350,350,350,10.00K
2010-01-31,345,345,345,345,250.00K
2010-02-04,345,340,345,340,30.00K
2010-02-07,345,345,345,345,80.00K
2010-02-08,345,345,350,345,110.00K
2010-02-09,335,335,335,335,10.00K
2010-02-10,330,345,345,330,740.00K
2010-02-11,335,335,340,335,140.00K
2010-02-14,350,345,350,345,200.00K
2010-02-15,345,345,350,345,180.00K
2010-02-16,350,345,350,340,40.00K
2010-02-17,345,335,345,335,220.00K
2010-02-18,340,340,340,340,10.00K
2010-02-21,340,340,340,340,40.00K
2010-02-22,345,345,345,340,90.00K
2010-02-23,330,335,335,330,270.00K
2010-02-24,345,340,345,340,130.00K
2010-03-02,345,335,345,335,40.00K
2010-03-04,340,345,345,340,160.00K
2010-03-08,340,340,340,340,50.00K
2010-03-14,345,335,345,335,50.00K
2010-03-16,340,340,340,340,30.00K
2010-03-18,345,345,345,345,20.00K
2010-03-22,360,345,360,345,40.00K
2010-03-29,350,360,360,335,430.00K
2010-03-30,350,350,350,350,10.00K
2010-03-31,345,350,350,340,1.52M
2010-04-05,320,320,320,320,10.00K
2010-04-07,330,325,330,325,60.00K
2010-04-08,330,340,345,330,60.00K
2010-04-11,310,310,310,310,10.00K
2010-04-12,335,335,335,335,20.00K
2010-04-13,325,330,340,325,40.00K
2010-04-14,310,325,325,310,20.00K
2010-04-15,325,325,325,325,10.00K
2010-04-18,325,325,335,325,290.00K
2010-04-19,330,325,330,325,80.00K
2010-04-21,325,335,335,320,30.00K
2010-04-26,325,330,330,320,210.00K
2010-04-29,330,330,330,330,10.00K
2010-05-03,320,320,320,320,20.00K
2010-05-04,330,325,330,325,20.00K
2010-05-20,330,315,330,315,30.00K
2010-05-24,335,335,335,335,10.00K
2010-05-25,320,320,320,320,50.00K
2010-05-26,330,330,330,330,10.00K
2010-05-30,335,335,335,335,10.00K
2010-06-01,325,310,325,310,20.00K
2010-06-02,335,335,335,335,10.00K
2010-06-03,330,315,330,315,30.00K
2010-06-08,330,330,330,330,10.00K
2010-06-09,340,340,340,340,10.00K
2010-06-13,330,330,330,330,20.00K
2010-06-14,330,320,330,320,30.00K
2010-06-15,320,320,320,320,10.00K
2010-06-17,340,325,340,325,1.04M
2010-06-20,335,330,335,330,1.39M
2010-06-21,335,325,335,325,1.23M
2010-06-22,330,330,330,330,720.00K
2010-06-24,325,325,325,320,1.50M
2010-06-27,330,330,330,330,10.00K
2010-06-28,325,325,330,325,660.00K
2010-06-30,315,315,315,315,10.00K
2010-07-01,315,330,330,295,60.00K
2010-07-04,325,325,325,325,10.00K
2010-07-07,325,320,330,320,480.00K
2010-07-08,320,320,320,320,110.00K
2010-07-13,325,325,325,325,30.00K
2010-07-14,330,330,330,330,10.00K
2010-07-15,320,320,320,320,50.00K
2010-07-21,320,320,320,320,300.00K
2010-07-22,320,320,320,320,310.00K
2010-07-25,320,320,320,320,160.00K
2010-07-27,325,320,325,320,90.00K
2010-07-28,325,315,325,315,50.00K
2010-08-10,325,325,325,325,30.00K
2010-08-11,325,320,325,320,100.00K
2010-08-12,320,320,320,320,120.00K
2010-08-22,315,315,315,315,30.00K
2010-08-23,325,325,325,325,20.00K
2010-09-01,315,315,315,315,100.00K
2010-09-08,310,310,310,310,10.00K
2010-09-14,295,295,295,295,10.00K
2010-09-15,315,315,315,315,10.00K
2010-09-16,315,310,315,310,20.00K
2010-09-19,300,300,300,300,10.00K
2010-09-20,325,310,325,310,20.00K
2010-09-21,340,340,340,340,10.00K
2010-09-27,305,305,305,305,10.00K
2010-09-28,315,325,325,315,70.00K
2010-09-29,315,315,315,315,50.00K
2010-09-30,315,315,315,310,80.00K
2010-10-03,320,310,320,310,40.00K
2010-10-13,320,315,320,315,70.00K
2010-10-19,310,310,310,310,120.00K
2010-10-20,315,315,315,315,70.00K
2010-10-24,315,310,315,310,50.00K
2010-10-25,315,310,315,310,210.00K
2010-10-26,315,310,315,310,70.00K
2010-11-04,305,300,305,300,100.00K
2010-11-08,315,315,315,315,10.00K
2010-11-29,300,295,300,295,60.00K
2010-11-30,295,275,295,275,150.00K
2010-12-01,295,295,295,295,50.00K
2010-12-06,295,290,295,290,110.00K
2010-12-08,310,270,310,270,140.00K
2010-12-09,300,300,300,300,50.00K
2010-12-13,300,295,300,295,20.00K
2010-12-19,295,285,295,285,20.00K
2011-01-04,290,270,290,270,90.00K
2011-01-05,285,280,285,280,30.00K
2011-01-06,295,295,295,295,20.00K
2011-01-08,295,295,295,295,20.00K
2011-01-09,280,280,280,270,180.00K
2011-01-10,275,275,275,275,10.00K
2011-01-11,290,275,290,275,50.00K
2011-01-12,300,300,300,300,10.00K
2011-01-13,290,280,290,280,90.00K
2011-01-17,285,285,285,265,30.00K
2011-01-18,305,290,305,290,90.00K
2011-01-20,295,285,295,285,60.00K
2011-01-23,290,280,290,280,40.00K
2011-01-24,300,295,300,290,120.00K
2011-01-26,285,285,285,285,10.00K
2011-01-27,300,300,300,300,10.00K
2011-01-30,285,285,285,275,30.00K
2011-01-31,290,295,295,290,40.00K
2011-02-01,290,300,300,280,40.00K
2011-02-02,300,300,300,300,10.00K
2011-02-03,295,290,295,290,40.00K
2011-02-10,290,300,300,290,130.00K
2011-02-14,290,290,290,290,10.00K
2011-02-15,300,280,300,280,40.00K
2011-02-16,295,290,295,290,20.00K
2011-02-20,300,300,300,300,10.00K
2011-02-21,280,280,280,280,20.00K
2011-02-22,300,300,300,300,10.00K
2011-03-03,290,290,290,290,10.00K
2011-03-06,290,285,290,285,130.00K
2011-03-07,290,275,290,275,30.00K
2011-03-13,280,280,285,280,80.00K
2011-03-14,285,275,285,275,40.00K
2011-03-15,290,295,295,290,30.00K
2011-03-17,285,280,285,280,30.00K
2011-03-21,285,270,285,270,30.00K
2011-03-22,305,305,305,305,10.00K
2011-04-04,295,285,295,285,20.00K
2011-04-11,300,300,300,300,10.00K
2011-04-20,300,290,300,290,30.00K
2011-04-21,300,285,300,285,20.00K
2011-04-25,280,280,280,280,10.00K
2011-04-26,300,300,300,300,10.00K
2011-05-01,290,290,290,290,10.00K
2011-05-03,290,285,290,285,20.00K
2011-05-04,280,285,285,280,20.00K
2011-05-05,280,295,300,280,30.00K
2011-05-08,285,285,285,285,10.00K
2011-05-09,290,280,290,280,60.00K
2011-05-10,285,300,300,280,50.00K
2011-05-11,285,290,295,280,190.00K
2011-05-12,285,280,285,275,50.00K
2011-05-15,280,275,280,275,20.00K
2011-05-16,280,280,280,280,10.00K
2011-05-18,270,270,270,270,10.00K
2011-05-22,280,285,285,280,20.00K
2011-05-23,265,265,265,265,10.00K
2011-05-24,265,280,280,265,30.00K
2011-05-25,270,270,270,270,10.00K
2011-05-26,285,280,285,280,20.00K
2011-05-31,285,265,285,265,30.00K
2011-06-02,270,270,270,270,20.00K
2011-06-05,270,255,270,255,40.00K
2011-06-06,280,280,280,280,20.00K
2011-06-08,270,260,270,260,40.00K
2011-06-12,275,265,275,265,30.00K
2011-06-13,290,290,290,290,10.00K
2011-06-15,275,275,275,275,10.00K
2011-06-16,295,295,295,295,10.00K
2011-06-20,275,275,275,275,10.00K
2011-06-21,285,280,285,280,20.00K
2011-06-22,285,275,285,275,20.00K
2011-06-27,290,290,290,290,10.00K
2011-07-04,285,275,285,275,40.00K
2011-07-06,285,275,285,275,20.00K
2011-07-11,270,275,275,270,20.00K
2011-07-18,290,248,290,248,70.00K
2011-07-19,285,280,295,280,60.00K
2011-07-20,275,270,275,270,20.00K
2011-07-21,275,290,290,275,130.00K
2011-07-24,275,270,275,270,20.00K
2011-07-25,285,285,285,285,20.00K
2011-07-26,275,290,290,275,20.00K
2011-07-27,275,270,275,270,20.00K
2011-07-28,275,270,275,270,20.00K
2011-08-02,280,280,280,280,10.00K
2011-08-07,275,260,275,260,30.00K
2011-08-08,280,270,280,270,20.00K
2011-08-10,270,270,270,270,10.00K
2011-08-16,270,285,285,270,20.00K
2011-08-17,275,265,275,265,20.00K
2011-08-18,270,260,270,260,20.00K
2011-08-28,248,255,255,248,110.00K
2011-09-05,244,238,244,238,80.00K
2011-09-06,234,234,234,234,40.00K
2011-09-07,232,224,240,224,240.00K
2011-09-08,238,238,238,238,20.00K
2011-09-11,236,232,236,230,60.00K
2011-09-15,232,226,232,226,60.00K
2011-09-18,222,222,222,222,100.00K
2011-09-19,216,212,216,212,60.00K
2011-09-20,208,206,208,206,60.00K
2011-09-29,210,210,210,210,20.00K
2011-10-02,218,214,218,214,60.00K
2011-10-03,228,228,228,228,260.00K
2011-10-04,238,238,238,238,80.00K
2011-10-05,248,248,248,248,20.00K
2011-10-06,270,270,270,270,390.00K
2011-10-09,270,285,285,265,200.00K
2011-10-10,270,270,270,265,40.00K
2011-10-11,265,265,265,265,10.00K
2011-10-12,265,265,265,265,20.00K
2011-10-13,265,265,265,265,20.00K
2011-10-17,265,260,265,260,20.00K
2011-10-19,265,260,265,260,20.00K
2011-10-20,265,265,265,265,20.00K
2011-10-27,285,265,285,265,80.00K
2011-10-30,270,270,270,270,20.00K
2011-10-31,285,280,285,280,80.00K
2011-11-03,270,270,270,260,40.00K
2011-11-13,270,265,270,265,20.00K
2011-11-14,260,260,260,260,10.00K
2011-11-15,260,260,260,260,10.00K
2011-11-17,270,270,270,270,10.00K
2011-11-20,255,255,255,255,10.00K
2011-11-21,248,250,250,248,40.00K
2011-11-22,244,246,246,242,80.00K
2011-11-23,234,238,244,234,120.00K
2011-11-24,224,224,224,224,460.00K
2011-11-28,226,218,226,214,420.00K
2011-12-01,216,218,218,216,60.00K
2011-12-04,220,220,220,220,20.00K
2011-12-25,222,212,222,212,40.00K
2012-01-16,212,212,212,212,40.00K
2012-01-17,206,204,206,202,120.00K
2012-01-18,196,198,198,196,140.00K
2012-01-19,192,188,192,186,180.00K
2012-01-21,192,188,192,186,180.00K
2012-01-23,182,184,184,182,40.00K
2012-01-24,182,186,186,182,40.00K
2012-01-25,188,186,188,186,180.00K
2012-01-26,188,186,188,186,60.00K
2012-01-28,188,186,188,186,60.00K
2012-01-29,186,188,188,186,40.00K
2012-01-30,196,188,196,188,1.10M
2012-01-31,206,204,206,204,240.00K
2012-02-01,196,202,204,196,140.00K
2012-02-04,196,202,204,196,140.00K
2012-02-05,200,200,200,200,20.00K
2012-02-06,194,190,194,190,60.00K
2012-02-09,194,192,194,192,40.00K
2012-02-11,194,192,194,192,40.00K
2012-02-12,198,198,198,198,40.00K
2012-02-13,192,192,192,192,20.00K
2012-02-14,190,196,196,188,680.00K
2012-02-15,190,190,190,190,40.00K
2012-02-16,188,188,188,188,40.00K
2012-02-18,188,188,188,188,40.00K
2012-02-19,188,188,188,188,100.00K
2012-02-20,186,186,186,186,100.00K
2012-02-21,190,190,190,184,100.00K
2012-02-22,186,186,186,186,40.00K
2012-02-23,186,184,188,182,180.00K
2012-02-25,186,184,188,182,180.00K
2012-02-28,192,196,196,192,140.00K
2012-02-29,194,190,194,190,40.00K
2012-03-01,190,190,190,190,140.00K
2012-03-03,190,190,190,190,140.00K
2012-03-04,190,196,196,190,180.00K
2012-03-06,190,190,194,190,800.00K
2012-03-07,188,188,190,188,220.00K
2012-03-08,186,186,186,186,80.00K
2012-03-10,186,186,186,186,80.00K
2012-03-11,188,186,188,186,40.00K
2012-03-12,186,186,186,186,100.00K
2012-03-13,186,186,186,184,380.00K
2012-03-14,186,184,186,184,240.00K
2012-03-15,186,184,186,184,120.00K
2012-03-17,186,184,186,184,120.00K
2012-03-18,184,184,186,182,160.00K
2012-03-19,184,184,184,184,120.00K
2012-03-20,184,184,184,184,20.00K
2012-03-22,182,182,182,182,20.00K
2012-03-24,182,182,182,182,20.00K
2012-03-25,186,186,186,186,20.00K
2012-03-26,182,182,182,182,20.00K
2012-03-27,184,172,184,172,40.00K
2012-03-29,182,176,182,174,80.00K
2012-03-31,182,176,182,174,80.00K
2012-04-01,184,182,186,182,80.00K
2012-04-02,184,184,184,184,20.00K
2012-04-03,188,186,188,184,280.00K
2012-04-04,190,190,192,190,380.00K
2012-04-05,188,190,190,188,40.00K
2012-04-07,188,190,190,188,40.00K
2012-04-08,188,184,188,184,40.00K
2012-04-10,184,184,184,184,20.00K
2012-09-04,194,194,194,194,196.87K
2012-09-05,204,202,204,200,398.87K
2012-09-06,194,210,210,194,294.37K
2012-09-09,184,190,190,184,110.00K
2012-09-10,184,188,188,180,70.26K
2012-09-11,178,184,184,178,56.99K
2012-09-12,178,178,180,178,59.00K
2012-09-13,176,178,178,176,25.00K
2012-09-16,174,174,174,174,20.00K
2012-09-17,176,176,176,176,20.00K
2012-09-18,180,182,182,180,10.05K
2012-09-19,184,182,184,182,60.08K
2012-09-20,186,186,186,186,0.00K
2012-09-23,188,184,188,184,60.99K
2012-09-24,186,186,186,186,65.00K
2012-09-25,182,186,186,182,183.66K
2012-09-26,178,180,180,176,411.79K
2012-09-27,182,182,184,180,140.00K
2012-09-30,184,184,184,184,0.50K
2012-10-01,178,186,186,178,30.50K
2012-10-02,184,178,184,178,25.05K
2012-10-03,180,182,184,180,14.50K
2012-10-04,184,182,184,178,12.77K
2012-10-07,184,182,184,182,16.00K
2012-10-08,184,178,184,178,10.10K
2012-10-09,182,182,182,182,11.80K
2012-10-10,184,178,184,178,7.00K
2012-10-11,184,182,184,182,27.00K
2012-10-15,182,182,182,182,32.90K
2012-10-16,182,184,184,182,9.40K
2012-10-17,184,184,184,184,0.25K
2012-10-18,184,182,184,182,8.04K
2012-10-21,178,180,180,178,25.00K
2012-10-22,182,182,182,182,0.15K
2012-10-23,184,184,184,184,0.15K
2012-10-31,184,176,184,176,2.05K
2012-11-07,180,180,180,180,50.00K
2012-11-08,178,178,178,178,1.00K
2012-11-11,176,170,176,168,51.00K
2012-11-12,170,170,170,170,15.95K
2012-11-13,174,174,174,174,5.00K
2012-11-18,168,168,168,168,2.50K
2012-11-19,164,174,174,164,2.72K
2012-11-20,174,170,174,170,40.55K
2012-11-21,180,180,180,168,3.28K
2012-11-26,176,176,176,176,0.22K
2012-11-27,178,180,180,168,2.42K
2012-11-28,178,178,178,178,9.65K
2012-11-29,174,178,178,174,7.49K
2012-12-02,180,178,180,178,10.50K
2012-12-05,170,172,172,170,40.00K
2012-12-06,180,180,180,180,0.50K
2012-12-09,170,172,172,170,80.00K
2012-12-10,172,174,174,166,9.60K
2012-12-11,164,174,174,164,30.25K
2012-12-12,174,170,174,170,32.15K
2012-12-13,168,176,176,168,20.50K
2012-12-17,178,178,178,178,0.15K
2012-12-18,180,180,180,180,0.50K
2012-12-23,170,170,170,170,10.00K
2012-12-24,162,164,170,162,20.52K
2012-12-25,170,168,170,168,5.50K
2012-12-26,168,168,170,162,72.83K
2012-12-27,168,172,172,162,13.89K
2012-12-31,162,160,162,160,29.75K
2013-01-02,166,168,168,166,1.10K
2013-01-03,164,162,168,160,52.00K
2013-01-06,162,162,162,162,38.15K
2013-01-07,162,168,168,158,2.00K
2013-01-09,162,156,162,156,2.00K
2013-01-10,166,166,166,166,0.50K
2013-01-13,164,164,164,162,5.03K
2013-01-14,168,168,168,168,0.20K
2013-01-16,166,160,168,160,18.01K
2013-01-17,164,168,168,164,2.73K
2013-01-20,166,168,168,158,0.70K
2013-01-21,162,168,168,158,74.34K
2013-01-22,158,168,168,154,9.11K
2013-01-23,160,166,166,160,100.94K
2013-01-27,164,156,164,156,1.50K
2013-01-28,168,168,168,168,1.00K
2013-01-29,168,158,168,158,0.02K
2013-02-17,178,170,178,170,143.95K
2013-02-18,178,178,178,168,40.28K
2013-02-19,168,174,176,168,70.30K
2013-02-20,170,174,174,170,33.60K
2013-02-21,170,174,174,166,121.85K
2013-02-28,172,172,176,172,1.50K
2013-03-03,170,176,176,164,40.16K
2013-03-04,174,174,174,174,0.20K
2013-03-05,168,168,168,168,2.49K
2013-03-10,172,172,172,172,0.20K
2013-03-13,164,174,174,164,120.80K
2013-03-14,172,172,172,172,0.50K
2013-03-19,166,170,170,162,255.50K
2013-03-20,158,166,166,158,30.00K
2013-03-21,168,156,168,156,5.00K
2013-03-24,170,170,170,170,0.50K
2013-03-25,166,160,166,160,105.30K
2013-03-31,160,170,170,160,126.00K
2013-04-01,152,152,152,152,0.05K
2013-04-02,160,162,162,160,63.00K
2013-04-03,160,160,160,160,162.00K
2013-04-07,156,160,160,156,10.00K
2013-04-08,164,164,164,164,0.50K
2013-04-09,162,162,162,162,45.29K
2013-04-10,158,160,160,158,85.00K
2013-04-11,166,166,166,166,1.00K
2013-04-14,168,164,168,164,8.10K
2013-04-15,162,160,166,160,20.15K
2013-04-16,158,158,160,158,180.16K
2013-04-17,160,164,164,156,96.26K
2013-04-18,160,160,160,160,0.25K
2013-04-21,158,158,158,158,15.00K
2013-04-22,166,160,166,158,9.37K
2013-04-23,162,160,162,160,36.96K
2013-04-28,164,162,164,160,118.12K
2013-04-29,166,166,168,162,115.00K
2013-04-30,164,162,164,162,155.50K
2013-05-01,166,166,166,164,15.15K
2013-05-02,170,166,170,166,91.32K
2013-05-05,170,168,172,168,46.00K
2013-05-06,172,170,172,170,204.94K
2013-05-07,176,172,176,172,439.31K
2013-05-08,182,172,182,172,186.97K
2013-05-09,188,192,192,188,0.02K
2013-05-12,178,182,182,178,175.00K
2013-05-13,174,180,180,174,0.21K
2013-05-14,176,178,178,170,240.09K
2013-05-15,182,176,186,176,39.60K
2013-05-16,192,190,192,186,176.18K
2013-05-19,192,200,200,192,202.98K
2013-05-20,184,192,192,184,260.50K
2013-05-21,186,184,186,182,59.46K
2013-05-22,192,182,192,182,0.77K
2013-05-23,182,182,182,182,0.01K
2013-05-26,192,182,192,182,168.06K
2013-05-27,190,186,200,186,0.67K
2013-05-30,182,186,186,182,160.09K
2013-06-03,186,186,186,186,0.50K
2013-06-04,190,186,190,186,40.53K
2013-06-05,190,190,190,190,0.00K
2013-06-09,188,180,188,180,0.38K
2013-06-12,190,190,190,190,1.00K
2013-06-17,188,188,188,188,2.50K
2013-06-18,188,178,188,178,2.50K
2013-06-19,188,182,188,182,13.35K
2013-06-20,184,182,184,182,11.50K
2013-06-23,184,180,184,180,3.50K
2013-06-24,188,188,188,178,3.50K
2013-06-25,190,190,190,190,0.00K
2013-06-26,188,198,198,186,27.92K
2013-06-27,198,192,198,190,22.00K
2013-06-30,188,188,188,188,2.50K
2013-07-01,196,196,196,196,1.00K
2013-07-02,196,188,196,188,5.00K
2013-07-03,196,196,196,196,2.00K
2013-07-04,190,188,190,188,25.16K
2013-07-07,198,196,200,196,348.39K
2013-07-08,194,194,194,194,0.31K
2013-07-09,194,194,200,194,78.57K
2013-07-10,198,198,198,198,235.00K
2013-07-11,202,198,206,198,332.61K
2013-07-14,212,210,212,210,316.50K
2013-07-15,222,216,222,216,362.44K
2013-07-16,216,222,222,216,175.80K
2013-07-17,208,214,214,208,357.51K
2013-07-18,206,208,218,206,15.03K
2013-07-21,216,216,216,216,38.00K
2013-07-22,216,216,218,214,15.68K
2013-07-23,226,218,226,218,558.42K
2013-07-24,222,224,224,222,70.00K
2013-07-25,218,222,222,218,153.20K
2013-07-28,220,222,222,216,184.32K
2013-07-29,218,218,218,218,0.50K
2013-07-30,222,216,222,210,29.03K
2013-08-01,222,222,222,222,0.01K
2013-08-04,212,212,212,212,0.01K
2013-08-05,212,212,212,212,0.00K
2013-08-07,222,222,222,222,103.73K
2013-08-12,232,232,232,218,722.86K
2013-08-13,232,242,242,232,415.00K
2013-08-14,236,236,236,236,5.00K
2013-08-19,236,230,236,230,81.90K
2013-08-20,240,236,240,236,351.20K
2013-08-21,240,238,240,238,250.00K
2013-08-22,238,238,238,238,225.00K
2013-08-25,238,238,238,238,100.00K
2013-08-26,236,238,238,236,208.00K
2013-08-27,232,232,232,232,40.00K
2013-08-28,236,222,236,222,10.10K
2013-08-29,240,240,240,230,10.11K
2013-09-02,230,230,230,230,21.95K
2013-09-04,222,220,222,220,35.80K
2013-09-05,232,222,232,220,20.01K
2013-09-09,222,222,222,222,20.00K
2013-09-10,222,222,222,222,2.00K
2013-09-11,230,230,230,230,0.10K
2013-09-15,230,230,232,230,54.00K
2013-09-16,232,230,232,230,14.25K
2013-09-17,228,228,230,228,52.41K
2013-09-18,228,224,228,220,10.50K
2013-09-19,238,236,238,232,365.90K
2013-09-22,240,240,246,238,171.00K
2013-09-23,246,240,246,240,113.14K
2013-09-24,242,246,248,242,276.77K
2013-09-25,246,250,250,234,19.02K
2013-09-26,236,240,246,236,188.30K
2013-09-29,234,232,242,232,26.01K
2013-09-30,232,230,232,230,6.17K
2013-10-01,232,242,242,232,1.10K
2013-10-02,240,242,242,234,1.70K
2013-10-03,234,234,240,234,0.70K
2013-10-06,234,234,234,234,0.50K
2013-10-07,232,238,238,232,11.30K
2013-10-09,234,234,234,234,21.00K
2013-10-10,236,236,236,234,38.00K
2013-10-20,240,240,240,240,0.00K
2013-10-21,234,236,240,234,33.50K
2013-10-22,236,234,236,234,6.33K
2013-10-23,238,240,240,238,25.21K
2013-10-24,238,238,240,238,43.10K
2013-10-27,238,238,238,238,60.00K
2013-10-28,238,238,238,238,129.12K
2013-10-29,240,240,246,240,699.88K
2013-10-30,240,242,242,240,127.78K
2013-10-31,242,240,242,240,8.82K
2013-11-03,240,240,240,232,184.88K
2013-11-04,240,238,240,238,32.00K
2013-11-06,250,240,250,240,1.31M
2013-11-07,255,260,260,250,4.08M
2013-11-10,260,255,260,255,389.98K
2013-11-11,270,260,275,260,2.64M
2013-11-12,275,275,275,270,768.88K
2013-11-13,265,270,270,265,2.00K
2013-11-14,265,265,265,260,271.70K
2013-11-18,255,270,275,255,1.16M
2013-11-20,260,260,265,255,369.25K
2013-11-21,255,255,260,255,470.20K
2013-11-24,260,260,270,255,824.95K
2013-11-25,260,260,260,255,160.24K
2013-11-26,260,255,260,255,588.31K
2013-11-27,265,260,270,260,1.89M
2013-11-28,265,265,265,260,1.21M
2013-12-01,265,260,265,260,301.39K
2013-12-02,265,260,265,260,225.10K
2013-12-03,270,265,270,265,328.85K
2013-12-04,265,265,265,265,920.06K
2013-12-05,265,260,265,260,420.10K
2013-12-08,260,260,260,255,250.65K
2013-12-09,260,255,260,255,20.10K
2013-12-10,260,255,260,255,200.10K
2013-12-11,255,255,260,250,340.63K
2013-12-12,248,255,255,248,586.75K
2013-12-15,250,250,250,248,531.98K
2013-12-16,250,255,255,250,40.10K
2013-12-17,248,248,248,248,101.30K
2013-12-18,255,255,255,255,0.02K
2013-12-22,250,250,255,250,59.26K
2013-12-23,250,250,250,250,6.53K
2013-12-24,248,250,255,248,140.98K
2013-12-25,250,250,255,248,32.08K
2013-12-26,250,248,250,248,33.41K
2013-12-30,255,248,255,248,99.84K
2013-12-31,250,250,250,248,130.53K
2014-01-05,250,248,255,248,20.21K
2014-01-06,250,255,255,250,2.25K
2014-01-07,255,248,255,248,83.36K
2014-01-08,255,250,255,250,23.21K
2014-01-09,255,255,255,255,51.00K
2014-01-12,255,250,255,250,406.00K
2014-01-13,250,255,260,250,39.60K
2014-01-14,250,255,255,250,312.48K
2014-01-15,255,255,255,250,0.85K
2014-01-19,255,255,255,250,5.79K
2014-01-20,250,255,255,250,221.54K
2014-01-21,250,255,255,250,3.15K
2014-01-22,255,255,255,250,60.00K
2014-01-23,255,250,255,250,130.10K
2014-01-26,255,250,255,250,434.83K
2014-01-27,275,250,280,250,2.72M
2014-01-28,265,275,275,265,552.46K
2014-01-29,265,265,265,260,155.86K
2014-01-30,260,260,265,255,914.39K
2014-02-02,260,255,265,255,286.59K
2014-02-03,260,260,260,260,60.00K
2014-02-04,265,260,265,260,110.00K
2014-02-05,270,265,270,265,537.36K
2014-02-06,260,270,270,260,40.01K
2014-02-09,265,265,265,265,0.00K
2014-02-10,265,270,270,265,250.09K
2014-02-11,270,265,270,265,154.35K
2014-02-12,270,270,270,270,17.00K
2014-02-13,265,270,270,265,29.24K
2014-02-16,265,265,270,265,523.84K
2014-02-17,265,265,265,265,24.15K
2014-02-18,265,265,265,265,100.00K
2014-02-19,265,265,265,265,150.00K
2014-02-20,265,265,265,265,170.20K
2014-02-23,265,265,265,260,23.21K
2014-02-24,265,265,265,265,100.00K
2014-03-02,260,265,265,260,5.10K
2014-03-03,260,265,265,260,355.31K
2014-03-04,260,265,265,260,130.00K
2014-03-05,260,260,260,260,65.62K
2014-03-09,250,260,260,250,836.00K
2014-03-10,255,250,255,250,233.08K
2014-03-11,250,255,255,250,1.55K
2014-03-12,260,250,265,250,76.10K
2014-03-16,255,255,255,255,0.10K
2014-03-17,250,250,255,250,321.91K
2014-03-18,255,250,260,250,116.85K
2014-03-19,255,260,260,255,34.85K
2014-03-20,260,255,260,255,70.45K
2014-03-23,260,260,260,260,5.00K
2014-03-24,260,255,260,255,288.40K
2014-03-25,260,260,260,255,317.20K
2014-03-26,260,255,260,255,25.61K
2014-03-27,260,260,260,260,180.00K
2014-03-31,244,255,255,244,1.40M
2014-04-01,240,238,240,234,646.15K
2014-04-02,242,236,242,234,93.39K
2014-04-03,242,238,242,238,180.00K
2014-04-06,246,244,246,244,181.57K
2014-04-07,248,248,250,248,292.00K
2014-04-08,248,248,248,248,120.00K
2014-04-09,248,248,248,248,220.00K
2014-04-10,248,248,248,248,221.00K
2014-04-13,248,248,248,248,592.00K
2014-04-14,248,242,248,242,31.80K
2014-04-15,255,246,255,246,951.92K
2014-04-16,255,255,255,250,0.15K
2014-04-17,250,250,250,250,2.85K
2014-04-20,255,248,255,248,130.50K
2014-04-21,250,250,250,250,234.00K
2014-04-22,250,250,250,250,4.00K
2014-04-23,248,250,250,248,1.05M
2014-04-24,246,248,248,246,134.20K
2014-04-27,248,248,250,248,50.30K
2014-04-28,248,248,248,248,0.50K
2014-04-29,248,248,248,248,51.45K
2014-04-30,248,248,248,248,271.00K
2014-05-01,246,248,248,246,509.60K
2014-05-04,248,246,250,246,292.53K
2014-05-05,248,248,248,248,2.00K
2014-05-06,246,248,248,246,92.00K
2014-05-07,244,246,246,244,20.49K
2014-05-08,244,246,246,244,227.35K
2014-05-12,242,244,244,242,101.50K
2014-05-13,238,240,240,238,233.50K
2014-05-14,242,236,242,234,246.90K
2014-06-25,238,246,246,238,1.85K
2014-06-26,236,228,238,228,21.11K
2014-06-30,232,234,234,232,1.50K
2014-07-02,238,224,238,224,17.00K
2014-07-03,228,228,228,228,25.00K
2014-07-06,230,220,230,218,187.96K
2014-07-07,220,226,226,220,50.50K
2014-07-09,228,220,228,220,2.00K
2014-07-10,218,218,218,218,216.60K
2014-07-13,212,208,214,208,284.40K
2014-07-14,204,204,206,204,148.40K
2014-07-15,208,206,208,206,84.21K
2014-07-16,210,208,210,206,1.41K
2014-07-20,204,210,210,204,53.92K
2014-07-21,206,206,206,206,10.00K
2014-07-23,206,206,206,206,10.00K
2014-07-24,206,206,206,206,2.61K
2014-08-03,200,204,208,196,51.50K
2014-08-04,202,202,202,202,3.79K
2014-08-05,206,206,206,206,25.00K
2014-08-06,208,200,208,200,0.49K
2014-08-10,202,204,204,200,55.90K
2014-08-11,208,202,208,202,44.48K
2014-08-12,206,208,208,206,136.90K
2014-08-13,208,206,208,206,158.60K
2014-08-14,208,208,208,208,21.63K
2014-08-27,198,206,206,198,133.01K
2014-08-28,196,188,198,188,258.44K
2014-09-01,196,190,196,190,0.38K
2014-09-03,196,192,196,186,87.87K
2014-09-04,198,190,198,190,60.68K
2014-09-07,196,192,196,192,8.70K
2014-09-08,194,188,196,186,35.20K
2014-09-09,192,192,192,192,6.15K
2014-09-10,192,192,192,192,9.90K
2014-09-11,196,196,196,196,0.00K
2014-09-14,196,196,196,196,3.01K
2014-09-15,196,196,196,196,1.50K
2014-09-16,196,196,196,196,0.49K
2014-09-17,196,196,196,196,0.45K
2014-09-18,196,196,196,196,0.75K
2014-09-21,196,196,196,192,4.09K
2014-09-22,196,192,196,192,68.30K
2014-09-23,196,196,196,196,1.00K
2014-09-24,194,196,196,194,7.93K
2014-09-25,194,196,196,192,47.82K
2014-09-28,194,196,196,192,3.57K
2014-09-29,192,192,192,184,95.45K
2014-10-14,190,190,190,190,0.04K
2014-10-15,192,192,192,192,0.16K
2014-10-19,192,184,192,184,65.24K
2014-10-20,192,192,192,192,0.20K
2014-10-21,190,190,190,190,0.60K
2014-10-22,190,186,190,184,29.15K
2014-10-23,184,190,190,184,29.24K
2014-10-27,192,192,192,192,0.01K
2014-10-28,184,184,184,182,25.00K
2014-10-29,190,190,190,190,0.82K
2014-11-02,190,190,190,190,0.10K
2014-11-03,186,182,186,182,25.12K
2014-11-05,180,180,180,180,0.01K
2014-11-06,180,170,180,170,0.57K
2014-11-09,190,190,190,190,0.05K
2014-11-11,180,180,180,180,44.14K
2014-11-13,190,180,190,180,20.21K
2014-11-19,186,182,186,180,0.87K
2014-11-20,176,176,176,176,8.25K
2014-11-23,166,166,166,166,15.75K
2014-11-24,158,158,158,156,43.92K
2014-11-25,148,156,156,148,355.25K
2014-11-26,150,148,150,148,71.07K
2014-11-27,148,148,150,148,59.17K
2014-11-30,146,148,148,138,22.99K
2014-12-02,148,148,148,148,34.60K
2014-12-03,146,146,146,146,3.60K
2014-12-04,138,142,150,136,396.38K
2014-12-07,148,148,148,138,4.95K
2014-12-08,148,140,148,138,11.95K
2014-12-09,148,138,148,138,265.05K
2014-12-10,144,138,144,138,3.76K
2014-12-11,134,136,136,134,33.50K
2014-12-14,124,124,124,124,4.21K
2014-12-15,134,120,134,120,7.70K
2014-12-16,140,124,140,124,29.75K
2014-12-17,148,148,148,148,0.25K
2014-12-21,140,138,150,138,216.00K
2014-12-22,146,140,146,140,20.02K
2014-12-23,136,136,136,136,85.00K
2014-12-24,144,138,144,138,30.20K
2014-12-28,146,146,146,146,0.10K
2014-12-29,146,140,146,140,0.14K
2014-12-30,146,144,146,136,1.12K
2015-01-04,138,136,138,136,68.76K
2015-01-05,138,138,138,138,1.10K
2015-01-06,134,130,134,130,23.24K
2015-01-08,136,134,136,128,10.73K
2015-01-11,134,130,134,128,22.65K
2015-01-12,130,130,130,130,0.24K
2015-01-13,136,128,136,128,16.20K
2015-01-14,136,130,136,130,23.29K
2015-01-15,134,130,134,130,96.56K
2015-01-18,136,128,136,128,76.25K
2015-01-19,134,130,134,130,25.24K
2015-01-20,134,128,134,128,10.01K
2015-01-21,132,130,132,128,101.70K
2015-01-22,134,128,136,128,32.15K
2015-01-26,132,132,132,130,24.33K
2015-01-27,130,134,134,130,93.45K
2015-01-29,134,130,134,128,7.83K
2015-02-01,132,128,132,128,2.00K
2015-02-02,130,130,130,130,2.06K
2015-02-03,130,130,130,130,5.34K
2015-02-04,130,130,130,126,7.58K
2015-02-05,132,130,132,128,22.20K
2015-02-08,132,132,132,132,70.00K
2015-02-09,130,130,132,130,31.00K
2015-02-10,132,130,132,130,0.50K
2015-02-11,132,128,132,128,16.17K
2015-02-12,132,130,132,130,10.10K
2015-02-15,130,128,130,128,20.17K
2015-02-16,132,132,132,132,0.02K
2015-02-18,128,128,128,128,1.95K
2015-02-19,132,132,132,132,0.02K
2015-02-23,130,130,130,130,30.12K
2015-03-01,128,128,130,128,24.20K
2015-03-02,128,128,128,128,7.29K
2015-03-03,130,126,130,126,2.00K
2015-03-04,126,126,126,126,10.00K
2015-03-09,120,120,120,120,4.98K
2015-03-10,120,122,122,120,128.02K
2015-03-12,116,118,118,116,29.35K
2015-03-15,120,120,120,120,0.05K
2015-03-17,116,118,118,116,18.96K
2015-03-22,120,112,120,112,1.41K
2015-03-24,120,110,120,110,364.28K
2015-03-26,110,110,110,110,120.00K
2015-03-29,110,110,110,110,0.20K
2015-03-30,104,100,104,100,24.62K
2015-03-31,110,102,110,100,25.18K
2015-04-02,108,110,110,104,65.32K
2015-04-05,106,108,108,106,150.00K
2015-04-06,104,104,104,102,146.86K
2015-04-07,104,104,104,104,0.50K
2015-04-14,102,102,102,102,25.00K
2015-04-15,104,100,104,100,0.18K
2015-04-16,99,100,102,99,24.80K
2015-04-19,104,102,106,102,111.31K
2015-04-20,106,104,106,104,15.00K
2015-04-21,106,106,106,106,10.00K
2015-04-22,102,102,102,102,1.41K
2015-04-23,106,106,106,106,0.10K
2015-04-26,102,104,104,102,60.56K
2015-04-27,102,102,102,102,30.00K
2015-04-28,104,104,104,104,64.42K
2015-04-29,106,106,106,106,0.10K
2015-04-30,110,104,110,104,281.29K
2015-05-04,108,110,110,108,21.72K
2015-05-05,106,106,106,106,46.79K
2015-05-06,104,104,110,104,46.01K
2015-05-07,110,108,110,108,41.00K
2015-05-11,106,104,106,104,21.94K
2015-05-12,108,108,108,108,31.35K
2015-05-13,108,106,108,106,49.41K
2015-05-14,110,106,110,104,138.65K
2015-05-17,114,108,120,108,1.23M
2015-05-18,112,112,112,112,85.00K
2015-05-19,110,112,116,110,5.69K
2015-05-20,110,110,110,110,119.24K
2015-05-21,108,108,108,108,10.00K
2015-05-24,106,106,108,106,149.23K
2015-05-25,108,108,108,108,0.59K
2015-05-26,108,106,108,106,15.16K
2015-05-27,112,112,112,112,30.00K
2015-05-31,114,112,114,112,226.37K
2015-06-01,114,110,114,108,65.42K
2015-06-02,120,114,120,114,896.42K
2015-06-03,122,116,122,116,5.10K
2015-06-04,118,118,118,118,5.00K
2015-06-07,122,118,122,118,1.20K
2015-06-08,118,118,118,118,25.00K
2015-06-09,120,120,120,120,190.00K
2015-06-10,120,120,120,120,50.00K
2015-06-14,120,112,120,112,20.10K
2015-06-16,114,114,114,114,0.10K
2015-06-17,118,118,118,114,6.30K
2015-06-18,118,118,118,118,1.43K
2015-06-21,122,114,122,114,21.10K
2015-06-22,112,112,112,112,1.21K
2015-06-24,120,120,120,114,46.04K
2015-06-25,114,116,116,114,10.12K
2015-06-28,108,120,120,104,125.20K
2015-06-30,108,118,118,108,0.28K
2015-07-02,118,108,118,108,0.89K
2015-07-06,118,108,118,108,0.83K
2015-07-08,108,110,110,108,22.15K
2015-07-09,110,110,110,110,25.00K
2015-07-12,112,110,112,110,35.49K
2015-07-13,110,110,110,110,32.00K
2015-07-14,112,110,112,110,5.17K
2015-07-15,114,112,114,112,13.05K
2015-07-16,112,114,114,112,50.00K
2015-07-22,114,110,118,110,101.39K
2015-07-23,112,112,112,112,5.00K
2015-07-26,112,114,114,112,46.28K
2015-07-27,110,110,110,110,30.00K
2015-07-29,112,112,112,112,30.00K
2015-08-02,114,114,114,114,1.00K
2015-08-03,114,110,114,110,120.85K
2015-08-04,114,110,116,110,2.63K
2015-08-06,114,110,114,110,0.04K
2015-08-09,116,110,116,110,1.87K
2015-08-10,112,114,114,112,55.50K
2015-08-11,112,114,116,112,62.43K
2015-08-12,116,116,116,112,28.48K
2015-08-13,114,114,114,114,30.00K
2015-08-17,124,124,124,124,200.53K
2015-08-18,134,134,134,134,608.05K
2015-08-19,134,144,144,132,853.41K
2015-08-20,124,130,134,124,466.39K
2015-08-23,118,116,126,114,131.84K
2015-08-24,122,114,124,114,248.74K
2015-08-25,126,122,130,120,338.75K
2015-08-26,122,120,122,116,126.85K
2015-08-27,124,120,126,120,52.63K
2015-08-30,122,126,126,122,16.00K
2015-08-31,122,118,122,118,110.83K
2015-09-01,124,124,124,124,0.15K
2015-09-02,124,122,126,120,82.04K
2015-09-03,124,120,126,120,62.94K
2015-09-06,124,122,124,122,102.90K
2015-09-07,130,126,132,126,250.16K
2015-09-08,128,128,132,128,11.62K
2015-09-09,130,130,130,126,31.58K
2015-09-10,124,126,126,124,70.00K
2015-09-13,126,126,126,126,80.00K
2015-09-14,124,126,136,124,1.97M
2015-09-15,122,126,126,122,191.00K
2015-09-16,128,122,128,122,343.20K
2015-09-17,126,126,126,124,81.00K
2015-09-20,126,126,126,126,26.70K
2015-09-21,128,128,128,128,0.50K
2015-09-22,126,124,126,124,231.20K
2015-09-28,126,126,126,126,10.00K
2015-09-29,126,126,126,126,20.00K
2015-10-01,126,124,126,124,285.00K
2015-10-05,126,126,126,126,86.38K
2015-10-07,124,124,124,124,80.90K
2015-10-08,124,124,126,124,138.46K
2015-10-11,126,126,126,126,0.50K
2015-10-12,126,126,126,126,0.50K
2015-10-19,126,126,128,126,161.61K
2015-10-20,136,128,136,128,1.38M
2015-10-21,140,138,142,136,398.82K
2015-10-22,136,136,136,136,100.00K
2015-10-25,134,134,134,134,15.00K
2015-10-26,136,134,138,134,40.50K
2015-10-27,136,134,136,132,175.57K
2015-10-28,138,136,138,136,18.70K
2015-10-29,138,138,138,138,0.10K
2015-11-01,140,136,140,132,132.00K
2015-11-02,138,138,138,138,10.00K
2015-11-03,138,136,138,136,90.19K
2015-11-04,138,136,138,134,128.15K
2015-11-05,134,134,134,134,4.57K
2015-11-08,138,138,138,138,0.10K
2015-11-09,134,134,134,134,1.39K
2015-11-10,136,138,138,136,79.90K
2015-11-12,132,134,134,132,80.00K
2015-11-15,136,136,136,136,9.00K
2015-11-16,138,138,140,130,112.44K
2015-11-17,148,138,148,138,2.62M
2015-11-18,144,146,152,142,1.92M
2015-11-19,142,144,144,142,164.00K
2015-11-22,144,142,146,142,37.40K
2015-11-23,140,142,142,140,57.00K
2015-11-24,138,140,142,138,83.15K
2015-11-25,140,144,144,134,857.80K
2015-11-26,140,138,140,138,36.10K
2015-11-29,136,138,138,136,48.50K
2015-11-30,138,138,138,138,0.25K
2015-12-01,136,136,136,136,34.00K
2015-12-02,140,136,140,136,21.60K
2015-12-03,136,136,136,136,10.08K
2015-12-06,138,134,138,134,15.49K
2015-12-07,136,136,136,136,10.00K
2015-12-08,134,136,136,134,2.55K
2015-12-10,138,138,138,138,0.20K
2015-12-13,132,132,132,132,33.90K
2015-12-14,132,130,132,130,107.97K
2015-12-15,128,128,128,128,35.50K
2015-12-16,128,126,134,126,344.53K
2015-12-17,124,122,128,122,35.12K
2015-12-21,128,124,128,124,49.83K
2015-12-23,130,126,130,124,36.34K
2015-12-28,128,128,128,128,200.00K
2015-12-29,126,126,126,126,5.00K
2015-12-30,128,128,128,128,1.50K
2016-01-04,124,124,124,124,34.70K
2016-01-05,126,124,126,124,237.06K
2016-01-06,130,124,130,124,322.50K
2016-01-07,126,128,132,124,428.00K
2016-01-10,126,126,126,126,161.00K
2016-01-11,124,124,128,124,136.00K
2016-01-12,122,124,124,122,20.94K
2016-01-13,128,124,128,124,0.30K
2016-01-14,124,126,126,124,0.19K
2016-01-17,120,122,122,114,229.65K
2016-01-18,120,120,124,120,97.38K
2016-01-19,126,126,126,126,0.10K
2016-01-21,118,118,118,118,40.00K
2016-01-27,122,122,122,122,2.00K
2016-01-28,118,118,118,118,10.00K
2016-01-31,126,122,126,122,150.61K
2016-02-02,128,128,128,128,1.00K
2016-02-04,126,126,126,126,10.00K
2016-02-09,122,122,122,122,4.07K
2016-02-10,122,120,122,120,63.76K
2016-02-11,124,124,124,124,55.00K
2016-02-15,128,128,128,128,53.40K
2016-02-16,126,128,130,126,271.00K
2016-02-17,128,128,128,128,0.50K
2016-02-21,120,120,120,120,50.00K
2016-02-22,122,122,122,122,20.00K
2016-02-24,122,122,122,122,5.00K
2016-03-01,132,128,132,128,1.09M
2016-03-02,136,134,136,134,35.64K
2016-03-03,132,130,132,130,89.65K
2016-03-06,140,136,140,134,195.19K
2016-03-07,136,130,136,130,674.26K
2016-03-08,136,134,136,134,132.10K
2016-03-13,132,132,132,132,4.34K
2016-03-14,132,132,132,130,459.16K
2016-03-15,132,132,132,132,59.24K
2016-03-16,134,134,134,134,0.10K
2016-03-17,130,130,130,130,2.57K
2016-03-20,134,130,134,130,69.44K
2016-03-22,132,132,132,132,65.00K
2016-03-24,132,132,132,132,210.00K
2016-03-27,130,130,130,130,123.66K
2016-03-30,130,130,130,130,0.01K
2016-04-03,134,134,134,134,0.05K
2016-04-07,132,130,132,130,78.92K
2016-04-11,132,132,132,132,43.00K
2016-04-12,132,132,132,132,0.50K
2016-04-13,132,130,132,130,86.31K
2016-04-14,132,132,132,132,5.00K
2016-04-17,132,132,132,132,1.08K
2016-04-20,132,132,132,132,60.80K
2016-04-21,134,132,134,132,128.64K
2016-04-24,134,134,134,134,10.00K
2016-04-25,136,136,136,136,5.00K
2016-04-26,134,134,134,134,9.45K
2016-04-27,138,136,138,134,7.47K
2016-04-28,138,138,138,138,50.18K
2016-05-02,140,140,140,140,40.10K
2016-05-04,138,138,138,138,10.00K
2016-05-08,138,138,140,138,775.75K
2016-05-09,148,138,148,138,873.84K
2016-05-10,158,150,158,150,267.09K
2016-05-11,168,168,168,164,1.28M
2016-05-12,178,176,178,172,1.92M
2016-05-15,168,174,174,168,130.00K
2016-05-16,158,158,158,158,90.00K
2016-05-17,166,154,166,152,95.20K
2016-05-18,156,156,158,156,103.30K
2016-05-19,152,156,156,150,104.20K
2016-05-22,162,148,162,148,15.40K
2016-05-23,158,154,158,152,6.04K
2016-05-26,156,156,156,156,25.00K
2016-05-30,156,154,156,154,30.15K
2016-05-31,166,156,166,156,38.69K
2016-06-02,176,170,176,168,343.00K
2016-06-05,186,180,186,180,187.46K
2016-06-06,196,188,196,188,714.00K
2016-06-07,206,196,206,196,1.49M
2016-06-08,206,206,206,206,104.00K
2016-06-09,198,206,206,196,112.70K
2016-06-12,188,202,202,188,25.25K
2016-06-13,194,196,196,194,25.00K
2016-06-14,202,184,202,184,106.28K
2016-06-15,192,192,192,192,176.33K
2016-06-16,188,188,188,188,3.00K
2016-06-19,194,186,194,182,89.32K
2016-06-20,186,186,194,186,0.37K
2016-06-22,190,186,190,186,10.75K
2016-06-23,198,190,198,190,0.60K
2016-06-26,202,202,202,202,0.02K
2016-06-27,194,194,194,192,19.73K
2016-06-29,186,186,186,186,60.24K
2016-06-30,188,188,188,188,30.00K
2016-07-03,198,194,198,188,161.60K
2016-07-04,200,190,200,190,30.02K
2016-07-10,210,190,210,190,1.89M
2016-07-11,202,206,220,200,1.87M
2016-07-12,198,202,202,196,110.00K
2016-07-13,200,200,200,200,74.60K
2016-07-14,202,200,202,198,3.10K
2016-07-17,212,200,212,200,639.00K
2016-07-18,214,214,216,214,165.50K
2016-07-19,210,210,210,210,5.00K
2016-07-20,206,210,210,200,519.30K
2016-07-21,206,202,206,202,106.19K
2016-07-24,206,204,206,204,125.00K
2016-07-25,206,204,206,204,65.00K
2016-07-27,206,206,206,206,57.50K
2016-07-28,206,206,206,206,100.00K
2016-07-31,210,206,210,206,270.25K
2016-08-01,220,210,220,210,454.02K
2016-08-02,218,212,218,212,1.41K
2016-08-03,214,214,214,214,10.00K
2016-08-04,224,218,224,216,1.65M
2016-08-07,234,222,234,222,631.55K
2016-08-08,240,238,240,238,37.16K
2016-08-09,230,240,240,230,3.71K
2016-08-10,240,230,240,230,342.06K
2016-08-11,250,242,250,236,501.56K
2016-08-14,248,255,255,244,20.11K
2016-08-15,250,240,260,240,531.87K
2016-08-16,255,255,255,250,172.00K
2016-08-17,244,248,248,242,62.94K
2016-08-18,248,240,248,240,11.01K
2016-08-21,242,244,244,242,17.30K
2016-08-22,248,248,248,248,0.10K
2016-08-23,250,250,250,250,1.00K
2016-08-24,240,240,240,240,3.00K
2016-08-25,250,248,250,248,207.21K
2016-08-28,248,250,250,248,67.50K
2016-08-29,248,248,248,248,10.01K
2016-08-31,242,242,242,242,5.06K
2016-09-05,248,240,248,240,8.85K
2016-09-07,246,248,248,246,68.62K
2016-09-08,242,246,246,240,101.80K
2016-09-18,255,246,255,232,1.70M
2016-09-19,244,248,248,244,127.80K
2016-09-20,248,244,248,244,288.82K
2016-09-21,242,242,248,242,41.80K
2016-09-22,240,242,242,234,6.15K
2016-09-25,246,246,246,246,0.10K
2016-09-28,236,242,242,236,5.42K
2016-09-29,242,242,242,242,0.03K
2016-10-03,236,236,242,236,5.57K
2016-10-04,236,236,236,236,89.04K
2016-10-06,232,232,232,232,5.63K
2016-10-09,230,230,230,230,10.00K
2016-10-10,220,230,230,220,70.02K
2016-10-11,220,212,220,212,40.42K
2016-10-12,230,212,230,212,100.05K
2016-10-13,220,224,224,220,0.22K
2016-10-16,218,218,218,218,0.05K
2016-10-17,210,212,212,210,29.00K
2016-10-18,204,202,204,202,35.02K
2016-10-19,204,204,204,204,5.18K
2016-10-20,214,202,214,202,23.04K
2016-10-24,224,224,224,224,0.01K
2016-10-25,230,230,230,230,0.01K
2016-10-27,236,236,236,236,0.00K
2016-10-30,236,226,236,226,0.13K
2016-11-09,234,234,234,234,1.66K
2016-11-10,224,228,228,224,0.45K
2016-11-14,224,234,234,224,69.50K
2016-11-15,234,214,234,214,12.41K
2016-11-16,224,228,236,224,241.09K
2016-11-17,224,214,224,214,25.22K
2016-11-20,214,220,220,214,41.00K
2016-11-27,214,214,214,214,0.10K
2016-11-28,218,214,218,210,2.00K
2016-12-04,216,212,216,208,9.15K
2016-12-05,214,208,214,208,10.75K
2016-12-07,220,206,220,206,54.30K
2016-12-11,228,230,230,222,1.85K
2016-12-12,236,236,236,236,0.10K
2016-12-13,236,226,236,226,2.96K
2016-12-14,234,236,236,226,5.69K
2016-12-15,236,236,236,236,0.30K
2016-12-18,236,228,236,228,0.50K
2016-12-19,232,236,236,226,42.29K
2016-12-20,232,224,232,222,21.10K
2016-12-21,232,236,236,222,7.70K
2016-12-22,234,234,234,234,0.20K
2016-12-26,236,226,244,224,50.62K
2016-12-27,226,238,240,226,2.10K
2016-12-28,224,236,236,224,61.68K
2016-12-29,214,214,214,214,1.00K
2017-01-04,214,214,214,214,0.14K
2017-01-05,214,214,214,214,11.87K
2017-01-08,214,214,214,214,5.00K
2017-01-09,204,204,204,204,0.50K
2017-01-10,208,204,208,204,314.44K
2017-01-11,218,208,218,208,5.13K
2017-01-15,224,208,224,208,13.06K
2017-01-16,218,214,222,214,8.79K
2017-01-17,214,218,218,214,7.00K
2017-01-19,224,222,224,222,22.90K
2017-01-22,234,218,234,218,11.51K
2017-01-23,242,242,242,242,20.00K
2017-01-24,244,232,244,232,5.05K
2017-01-29,244,224,244,224,5.53K
2017-01-31,234,234,234,234,30.00K
2017-02-02,240,236,240,236,5.00K
2017-02-05,230,230,230,230,0.02K
2017-02-07,220,230,230,220,2.99K
2017-02-08,224,220,224,210,34.18K
2017-02-09,234,234,234,214,1.36K
2017-02-12,244,230,244,224,259.74K
2017-02-13,234,236,236,234,10.20K
2017-02-14,234,240,240,234,5.06K
2017-02-15,224,224,224,224,204.40K
2017-02-16,214,224,224,214,263.59K
2017-02-19,216,220,220,214,94.10K
2017-02-20,224,216,224,216,17.50K
2017-02-21,214,214,214,214,0.00K
2017-02-22,224,224,224,224,189.72K
2017-02-23,226,228,234,226,329.58K
2017-02-27,222,222,222,222,17.50K
2017-02-28,232,222,232,222,61.51K
2017-03-01,236,234,240,226,83.51K
2017-03-02,246,234,246,234,1.04M
2017-03-05,244,246,246,236,97.23K
2017-03-06,234,234,244,234,14.02K
2017-03-07,244,244,244,224,4.62K
2017-03-08,234,234,242,234,11.10K
2017-03-09,234,224,234,224,51.00K
2017-03-12,240,224,240,224,25.10K
2017-03-13,230,230,230,230,5.00K
2017-03-14,220,220,220,220,104.52K
2017-03-15,228,222,230,218,47.10K
2017-03-19,224,224,224,224,0.50K
2017-03-20,222,224,224,216,10.46K
2017-03-22,218,218,218,218,20.00K
2017-03-23,216,218,218,214,101.45K
2017-03-26,216,216,216,216,110.00K
2017-03-27,210,216,216,210,18.95K
2017-03-28,216,216,216,216,29.50K
2017-03-29,214,214,214,214,14.00K
2017-04-03,204,204,212,204,50.51K
2017-04-04,214,206,214,204,70.34K
2017-04-06,210,204,210,204,0.16K
2017-04-10,214,214,214,214,7.09K
2017-04-11,216,204,216,204,47.61K
2017-04-12,216,216,216,216,1.60K
2017-04-13,216,206,216,206,7.38K
2017-04-17,206,206,206,206,5.00K
2017-04-18,214,214,214,214,1.00K
2017-04-19,206,206,212,206,25.46K
2017-04-20,208,206,208,206,7.67K
2017-04-23,210,206,210,206,0.81K
2017-04-24,204,206,206,204,15.28K
2017-04-26,204,204,204,204,3.00K
2017-04-30,210,210,210,210,3.45K
2017-05-01,204,210,210,204,7.03K
2017-05-02,208,208,208,208,2.00K
2017-05-03,208,204,208,204,16.25K
2017-05-04,208,206,208,204,21.63K
2017-05-07,216,206,216,206,52.99K
2017-05-08,226,212,226,212,358.58K
2017-05-09,234,216,234,216,937.50K
2017-05-10,232,232,234,232,22.40K
2017-05-11,224,224,224,224,1.00K
2017-05-14,216,214,230,214,69.20K
2017-05-15,226,226,226,226,0.65K
2017-05-16,230,222,230,222,3.02K
2017-05-17,220,226,226,220,30.77K
2017-05-18,226,218,226,218,17.48K
2017-05-23,226,182,226,182,0.51K
2017-05-24,226,226,226,226,3.89K
2017-05-31,232,232,232,232,0.10K
2017-06-05,225,225,225,225,0.11K
2017-06-11,225,224,225,224,18.27K
2017-06-14,220,220,220,220,19.56K
2017-06-15,220,220,220,220,10.79K
2017-06-18,220,220,220,220,1.20K
2017-06-19,220,220,220,220,16.97K
2017-06-20,226,220,226,220,9.34K
2017-06-22,220,220,220,220,17.38K
2017-07-02,234,230,234,230,2.50K
2017-07-03,221,220,221,220,6.02K
2017-07-05,227,220,232,220,26.29K
2017-07-06,220,234,234,220,242.74K
2017-07-09,220,220,220,219,201.00K
2017-07-12,219,219,219,219,150.00K
2017-07-16,219,219,219,219,0.50K
2017-07-17,220,220,220,220,190.13K
2017-07-19,219,219,219,219,21.97K
2017-07-23,219,219,219,219,5.00K
2017-07-24,219,219,219,219,21.53K
2017-07-25,220,219,220,219,344.43K
2017-07-26,234,234,234,234,1.00K
2017-07-27,222,221,222,221,138.78K
2017-07-30,224,224,224,224,10.00K
2017-07-31,223,233,233,223,15.00K
2017-08-01,224,222,224,222,0.93K
2017-08-02,223,223,223,223,0.50K
2017-08-03,228,234,238,228,6.04K
2017-08-06,227,227,227,227,0.50K
2017-08-08,230,230,230,230,0.21K
2017-08-09,229,230,230,229,15.21K
2017-08-10,238,238,238,238,1.00K
2017-08-13,238,228,238,228,1.00K
2017-08-14,240,228,240,228,22.06K
2017-08-15,240,228,240,228,209.05K
2017-08-16,250,240,250,240,116.08K
2017-08-20,268,248,268,248,203.41K
2017-08-21,284,263,284,260,199.60K
2017-08-22,290,251,338,251,7.85K
2017-08-23,295,295,295,295,1.00K
2017-08-24,295,260,295,260,1.50K
2017-08-27,298,267,298,267,0.24K
2017-08-28,300,297,300,297,2.00K
2017-09-06,296,298,298,268,54.48K
2017-09-07,271,268,287,268,33.22K
2017-09-10,270,270,271,270,39.00K
2017-09-11,283,270,283,265,158.68K
2017-09-12,282,276,282,275,20.69K
2017-09-14,280,284,284,266,0.11K
2017-09-17,281,270,281,270,35.01K
2017-09-18,281,283,283,274,16.09K
2017-09-19,281,281,283,275,6.92K
2017-09-20,270,270,270,270,115.00K
2017-09-24,275,280,280,275,16.10K
2017-09-25,279,275,279,270,18.50K
2017-09-26,270,270,270,270,11.90K
2017-09-27,279,280,280,272,20.29K
2017-09-28,280,270,280,270,5.00K
2017-10-02,270,271,271,270,5.52K
2017-10-03,265,270,270,265,11.00K
2017-10-05,265,266,266,265,50.00K
2017-10-08,266,266,266,266,12.00K
2017-10-09,265,265,265,265,23.25K
2017-10-10,265,265,265,265,5.00K
2017-10-11,265,265,265,265,116.64K
2017-10-12,260,260,260,260,0.75K
2017-10-17,260,280,280,260,5.01K
2017-10-19,255,255,255,255,0.11K
2017-10-23,255,255,255,255,0.19K
2017-10-24,255,255,255,255,0.24K
2017-10-25,255,255,255,255,2.42K
2017-10-30,254,254,254,254,0.30K
2017-10-31,254,254,254,254,0.30K
2017-11-01,255,255,255,255,40.00K
2017-11-05,251,254,254,251,3.39K
2017-11-06,251,250,264,250,41.60K
2017-11-07,250,251,251,250,7.00K
2017-11-08,248,249,249,248,0.90K
2017-11-09,247,248,248,247,0.40K
2017-11-14,246,247,247,246,0.29K
2017-11-15,246,246,246,246,0.07K
2017-11-19,239,246,246,239,9.84K
2017-11-20,237,238,238,237,2.00K
2017-11-21,236,236,236,236,1.00K
2017-11-22,235,235,235,235,1.08K
2017-11-26,235,235,235,235,2.42K
2017-12-03,244,243,244,243,1.46K
2017-12-06,245,245,245,245,5.84K
2017-12-17,230,234,234,230,7.00K
2017-12-19,229,230,230,229,0.95K
2017-12-21,229,229,229,229,0.05K
2017-12-28,229,230,230,229,13.15K
2018-01-02,245,245,245,245,0.20K
2018-01-09,245,231,245,228,0.52K
2018-01-10,242,228,242,228,12.38K
2018-01-11,227,227,227,227,0.33K
2018-01-14,227,227,227,227,0.17K
2018-01-15,226,227,227,226,13.61K
2018-01-17,225,225,225,225,9.99K
2018-01-23,226,226,226,226,11.37K
2018-01-24,226,226,226,226,0.33K
2018-01-25,227,226,227,226,5.08K
2018-01-29,226,226,226,226,10.20K
2018-02-01,226,226,226,226,18.01K
2018-02-05,230,230,230,230,0.08K
2018-02-18,224,215,224,215,10.10K
2018-02-21,220,220,220,220,0.70K
2018-02-28,224,224,224,224,0.27K
2018-03-06,224,200,224,200,0.81K
2018-03-12,200,200,200,200,1.50K
2018-03-15,199,199,199,199,18.43K
2018-03-20,199,210,210,199,2.16K
2018-03-28,210,199,210,199,3.10K
2018-03-29,223,223,223,223,18.79K
2018-04-08,210,210,210,210,0.02K
2018-04-10,200,200,200,200,0.65K
2018-04-12,200,200,200,200,0.09K
2018-04-18,220,220,220,220,10.00K
2018-04-24,199,199,199,199,0.19K
2018-04-26,199,199,199,199,6.27K
2018-05-09,198,200,200,198,73.00K
2018-05-10,191,191,191,191,7.00K
2018-05-13,190,190,190,190,1.50K
2018-05-14,190,190,190,190,5.00K
2018-05-15,190,190,190,190,6.00K
2018-05-16,190,190,190,190,3.00K
2018-05-24,186,186,186,186,8.00K
2018-05-27,185,186,186,185,24.16K
2018-05-28,186,186,186,186,0.01K
2018-06-05,186,186,186,186,0.16K
2018-06-12,186,186,186,186,0.08K
2018-06-20,200,200,200,200,0.75K
2018-07-01,186,186,186,186,0.01K
2018-07-03,186,186,186,186,0.03K
2018-07-09,186,186,186,186,0.03K
2018-07-11,196,190,196,186,16.65K
2018-07-16,196,196,196,196,3.00K
2018-07-19,236,215,236,215,0.02K
2018-07-22,234,259,259,234,0.65K
2018-07-23,211,211,211,211,0.10K
2018-07-24,190,220,220,190,5.66K
2018-07-25,187,186,187,186,38.69K
2018-08-06,205,190,205,187,1.66K
2018-08-07,220,220,220,220,0.01K
2018-08-08,220,220,220,220,0.00K
2018-08-13,198,198,198,198,20.00K
2018-08-14,202,198,202,181,30.55K
2018-08-16,198,219,219,198,3.55K
2018-08-26,198,198,198,198,2.00K
2018-08-29,183,183,183,183,2.00K
2018-08-30,201,195,201,195,4.00K
2018-09-02,208,208,208,208,0.00K
2018-09-03,220,220,220,220,0.00K
2018-09-10,220,200,220,190,16.66K
2018-09-19,213,198,213,198,41.50K
2018-09-24,200,200,200,199,170.00K
2018-09-25,200,200,200,200,20.00K
2018-09-26,200,200,200,200,46.41K
2018-09-27,200,202,202,200,96.39K
2018-09-30,200,200,200,200,24.14K
2018-10-01,202,202,202,202,15.00K
2018-10-02,200,200,200,200,43.05K
2018-10-03,200,200,200,175,283.16K
2018-10-04,200,201,201,200,15.00K
2018-10-07,201,200,201,200,64.16K
2018-10-09,200,200,200,200,36.04K
2018-10-18,200,198,200,198,20.50K
2018-10-21,201,201,201,201,20.00K
2018-10-23,201,201,201,201,1.00K
2018-10-25,199,199,199,199,12.34K
2018-10-28,200,200,200,200,2.50K
2018-10-29,200,200,200,200,27.50K
2018-11-01,185,185,185,185,0.20K
2018-11-04,185,185,185,185,0.30K
2018-11-25,202,201,202,201,50.00K
2018-12-10,190,190,190,190,10.00K
2018-12-18,191,191,191,191,0.94K
2018-12-23,191,191,191,191,9.06K
2018-12-24,190,190,190,190,0.19K
2018-12-25,190,190,190,190,40.06K
2018-12-26,188,188,188,188,0.33K
2018-12-27,188,188,188,188,10.00K
2019-01-02,188,189,189,188,13.42K
2019-01-03,187,187,187,187,0.81K
2019-01-06,170,170,170,170,0.15K
2019-01-07,189,173,189,170,149.62K
2019-01-09,190,189,190,189,56.69K
2019-01-10,191,180,191,180,0.28K
2019-01-13,182,182,182,182,0.66K
2019-01-15,182,182,184,182,111.00K
2019-01-16,184,184,184,184,50.01K
2019-01-17,184,182,184,182,10.25K
2019-01-20,184,184,184,184,35.00K
2019-01-22,183,183,183,183,0.43K
2019-01-23,184,184,184,184,89.00K
2019-01-27,184,184,184,184,93.00K
2019-01-28,184,184,184,184,55.00K
2019-01-29,185,185,185,185,35.00K
2019-01-30,187,187,187,187,15.00K
2019-01-31,190,183,190,183,57.24K
2019-02-04,191,190,191,190,20.00K
2019-02-12,183,183,183,183,1.47K
2019-02-13,183,183,183,183,35.00K
2019-02-14,183,183,183,183,0.48K
2019-02-17,182,182,182,182,99.75K
2019-02-18,180,181,181,180,65.23K
2019-02-19,183,180,183,171,35.10K
2019-02-27,183,181,183,181,64.90K
2019-02-28,183,169,183,168,2.66K
2019-03-06,179,179,179,179,10.00K
2019-03-10,170,170,170,170,0.91K
2019-03-11,168,168,168,168,9.90K
2019-03-13,167,167,167,167,10.00K
2019-03-14,168,168,168,168,15.10K
2019-03-17,165,166,166,165,25.41K
2019-03-18,175,166,175,166,53.02K
2019-03-20,166,167,167,166,30.00K
2019-03-21,166,166,166,166,60.11K
2019-03-24,168,168,168,168,55.00K
2019-03-25,166,166,166,166,0.22K
2019-03-26,167,167,167,167,50.50K
2019-03-28,167,167,167,167,30.81K
2019-03-31,192,174,192,174,6.74K
2019-04-08,192,192,192,192,10.00K
2019-04-09,198,195,198,195,33.19K
2019-04-10,198,197,198,197,28.60K
2019-04-15,200,198,200,198,15.01K
2019-04-17,200,199,201,199,156.50K
2019-04-18,198,180,198,180,0.23K
2019-04-21,187,187,187,187,5.51K
2019-04-22,200,198,200,198,51.00K
2019-04-24,198,180,198,180,32.61K
2019-04-25,180,180,198,180,16.62K
2019-04-28,196,196,196,196,10.00K
2019-04-29,180,198,200,180,96.06K
2019-04-30,200,198,200,198,36.17K
2019-05-01,198,180,198,180,10.05K
2019-05-02,198,198,198,198,-
2019-05-05,198,198,198,198,-
2019-05-06,200,199,200,180,21.07K
2019-05-07,200,200,200,200,-
2019-05-08,181,181,181,181,0.05K
2019-05-09,199,199,199,199,20.00K
2019-05-12,180,180,180,180,0.89K
2019-05-13,198,198,198,198,0.50K
2019-05-14,198,198,198,198,-
2019-05-15,197,180,197,180,102.51K
2019-05-16,197,197,197,197,-
2019-05-19,197,197,197,197,-
2019-05-20,193,193,193,193,10.00K
2019-05-21,193,193,193,193,-
2019-05-22,193,193,193,193,-
2019-05-23,195,192,195,192,300.00K
2019-05-26,180,180,180,180,5.50K
2019-05-27,196,190,196,190,30.00K
2019-05-28,200,195,200,195,60.00K
2019-05-29,191,191,191,191,0.10K
2019-05-30,200,200,200,200,32.00K
2019-06-02,201,191,201,190,20.61K
2019-06-03,201,201,201,201,-
2019-06-09,201,201,201,201,-
2019-06-10,201,201,201,201,-
2019-06-11,199,199,199,199,0.41K
2019-06-12,191,191,191,191,0.10K
2019-06-13,190,190,190,190,0.13K
2019-06-16,190,190,190,190,24.12K
2019-06-17,190,190,190,190,25.88K
2019-06-18,190,190,190,190,14.24K
2019-06-19,190,190,190,190,-
2019-06-20,190,190,190,190,-
2019-06-23,190,190,190,190,1.00K
2019-06-24,200,190,200,190,60.00K
2019-06-25,200,182,200,182,105.10K
2019-06-26,200,200,200,200,-
2019-06-27,200,200,200,200,-
2019-06-30,196,196,196,196,0.09K
2019-07-01,196,196,196,196,-
2019-07-02,196,196,196,196,-
2019-07-03,200,182,200,182,56.30K
2019-07-04,200,200,200,200,-
2019-07-07,195,200,200,195,10.10K
2019-07-08,189,189,189,189,20.00K
2019-07-09,182,182,182,182,0.23K
2019-07-10,182,182,182,182,-
2019-07-11,182,182,182,182,-
2019-07-14,183,182,183,182,5.24K
2019-07-15,195,195,195,195,2.00K
2019-07-16,195,195,195,195,3.00K
2019-07-17,199,199,199,195,5.24K
2019-07-18,199,199,199,199,-
2019-07-21,195,183,195,183,6.90K
2019-07-22,185,185,185,185,0.29K
2019-07-23,190,182,190,182,5.01K
2019-07-24,190,190,190,190,-
2019-07-25,195,185,195,185,15.88K
2019-07-28,195,195,195,195,-
2019-07-29,195,195,195,195,-
2019-07-30,195,195,195,195,-
2019-07-31,192,183,195,183,3.00K
2019-08-01,197,195,197,195,15.00K
2019-08-04,199,199,199,199,10.00K
2019-08-05,199,187,199,187,5.86K
2019-08-06,199,199,199,199,-
2019-08-07,199,199,199,199,-
2019-08-08,199,199,199,199,-
2019-08-14,199,199,199,199,-
2019-08-15,185,185,185,185,8.51K
2019-08-18,185,185,185,185,-
2019-08-19,190,187,190,187,26.86K
2019-08-20,185,185,185,185,1.00K
2019-08-21,185,185,185,185,-
2019-08-22,190,187,190,187,17.00K
2019-08-25,180,188,188,180,39.56K
2019-08-26,185,180,185,180,82.00K
2019-08-27,184,180,184,180,82.12K
2019-08-28,190,190,190,190,0.01K
2019-08-29,186,178,186,178,8.00K
2019-09-01,186,188,190,186,76.51K
2019-09-02,182,190,190,182,23.41K
2019-09-03,185,190,190,185,0.02K
2019-09-04,180,184,184,180,13.05K
2019-09-05,181,180,186,180,25.05K
2019-09-08,187,185,187,185,630.00K
2019-09-09,187,187,187,187,-
2019-09-10,190,186,190,186,53.66K
2019-09-11,180,181,181,180,35.00K
2019-09-12,180,180,180,180,-
2019-09-15,187,187,187,187,5.00K
2019-09-16,185,178,185,178,15.00K
2019-09-17,185,185,185,185,-
2019-09-18,191,176,191,176,46.00K
2019-09-19,189,180,189,180,10.45K
2019-09-22,182,182,182,182,5.05K
2019-09-23,189,182,189,182,84.24K
2019-09-24,189,182,189,182,38.20K
2019-09-25,189,189,189,189,-
2019-09-26,189,189,189,189,-
2019-09-29,189,189,189,189,-
2019-09-30,189,183,189,183,33.46K
2019-10-01,189,189,189,189,-
2019-10-02,189,189,189,189,-
2019-10-03,189,189,189,189,-
2019-10-06,190,190,190,190,54.15K
2019-10-07,191,188,191,186,22.00K
2019-10-08,184,184,184,184,2.39K
2019-10-09,189,189,189,189,9.00K
2019-10-10,189,189,189,189,-
2019-10-13,189,189,189,189,-
2019-10-14,189,189,189,189,-
2019-10-15,189,189,189,189,-
2019-10-16,189,189,189,189,-
2019-10-17,189,189,189,189,-
2019-10-20,190,177,190,177,51.00K
2019-10-21,190,190,190,190,-
2019-10-22,190,190,190,190,-
2019-10-23,190,190,190,190,-
2019-10-24,178,178,178,178,0.20K
2019-10-27,189,180,189,178,9.57K
2019-10-28,185,185,185,185,0.25K
2019-10-29,185,185,185,185,-
2019-10-30,185,185,185,185,-
2019-10-31,185,185,185,185,-
2019-11-03,178,179,179,178,17.25K
2019-11-04,180,180,180,180,45.00K
2019-11-05,170,178,178,170,58.95K
2019-11-06,174,170,178,170,40.21K
2019-11-07,175,175,175,175,10.00K
2019-11-10,175,168,175,168,5.08K
2019-11-11,187,178,187,178,21.00K
2019-11-12,170,170,170,170,10.00K
2019-11-13,171,171,171,171,5.00K
2019-11-14,170,170,170,170,0.28K
2019-11-17,180,170,183,170,20.56K
2019-11-18,180,180,180,180,-
2019-11-19,180,180,180,180,-
2019-11-20,182,172,182,171,155.00K
2019-11-21,170,173,173,170,84.50K
2019-11-24,170,170,170,170,-
2019-11-25,170,172,172,170,17.00K
2019-11-26,170,170,170,170,-
2019-11-27,175,170,175,170,62.26K
2019-11-28,170,170,170,170,10.00K
2019-12-01,170,170,170,170,15.00K
2019-12-02,170,170,170,170,-
2019-12-03,169,169,169,169,15.28K
2019-12-04,178,178,178,178,5.00K
2019-12-05,175,169,175,169,35.00K
2019-12-08,170,170,170,170,20.18K
2019-12-09,173,170,173,170,18.20K
2019-12-10,180,180,180,180,65.24K
2019-12-11,180,180,180,180,-
2019-12-12,183,179,183,179,59.20K
2019-12-15,183,183,183,183,-
2019-12-16,183,178,183,172,65.55K
2019-12-17,183,183,183,183,-
2019-12-18,183,183,183,183,-
2019-12-19,183,183,183,183,-
2019-12-22,183,183,183,183,-
2019-12-23,183,183,183,183,-
2019-12-24,183,183,183,183,-
2019-12-25,183,183,183,183,0.25K
2019-12-26,184,172,184,172,12.75K
2019-12-29,183,175,183,175,20.02K
2019-12-30,175,175,175,175,0.02K
2019-12-31,175,175,175,175,-
2020-01-05,170,172,172,170,16.75K
2020-01-06,182,175,182,175,12.20K
2020-01-07,172,172,172,172,2.80K
2020-01-08,181,172,181,172,5.13K
2020-01-09,181,181,181,181,-
2020-01-14,176,172,179,172,247.96K
2020-01-15,182,172,182,160,41.48K
2020-01-16,182,182,182,182,-
2020-01-19,183,172,183,172,7.76K
2020-01-20,183,183,183,183,-
2020-01-21,183,183,183,183,-
2020-01-22,183,183,183,183,-
2020-01-23,183,183,183,183,-
2020-01-26,184,180,184,180,204.50K
2020-01-27,172,172,172,172,0.67K
2020-01-28,184,184,184,184,79.19K
2020-01-29,184,184,184,184,-
2020-01-30,184,184,184,184,-
2020-02-02,185,173,185,173,1.24K
2020-02-03,184,172,184,172,5.02K
2020-02-04,184,184,184,184,-
2020-02-05,184,184,184,184,-
2020-02-06,181,172,181,172,27.29K
2020-02-09,181,181,181,181,-
2020-02-10,175,175,175,173,133.20K
2020-02-11,175,175,175,175,-
2020-02-12,175,175,175,175,-
2020-02-13,182,182,182,182,5.00K
2020-02-16,179,174,183,174,38.92K
2020-02-17,179,179,179,179,-
2020-02-18,179,179,179,179,-
2020-02-19,174,174,174,174,15.00K
2020-02-20,174,174,174,174,-
2020-02-23,178,178,178,178,2.55K
2020-02-24,176,176,176,176,14.00K
2020-03-01,176,176,176,176,-
2020-03-02,176,176,176,176,-
2020-03-03,176,176,176,176,-
2020-03-04,174,174,174,174,2.00K
2020-03-05,162,173,173,162,10.26K
2020-03-08,172,162,172,160,30.19K
2020-03-09,172,172,172,172,-
2020-03-10,171,171,171,170,5.60K
2020-03-11,171,171,171,171,-
2020-03-15,171,171,171,171,-
2020-03-16,171,171,171,171,-
2020-03-17,156,163,163,156,9.81K
2020-03-18,156,156,156,156,-
2020-03-19,156,156,156,156,-
2020-03-23,175,171,175,163,2.14K
2020-03-24,177,167,177,167,16.94K
2020-03-25,167,169,169,167,6.90K
2020-03-26,167,167,167,167,-
2020-03-29,159,159,159,159,0.01K
2020-03-30,152,152,152,152,0.00K
2020-03-31,179,167,179,167,30.01K
2020-04-01,168,171,171,168,1.22K
2020-04-02,168,168,168,168,-
2020-04-05,168,168,168,168,-
2020-04-06,168,168,168,168,-
2020-04-07,168,168,168,168,-
2020-04-08,167,167,167,167,0.58K
2020-04-09,164,164,164,164,10.00K
2020-04-12,173,173,173,173,14.50K
2020-04-13,173,173,173,173,-
2020-04-14,173,173,173,173,-
2020-04-15,173,173,173,173,-
2020-04-16,173,173,173,173,-
2020-04-19,173,173,173,173,-
2020-04-20,174,174,174,174,28.80K
2020-04-21,170,170,170,166,26.00K
2020-04-22,177,170,177,170,44.70K
2020-04-23,177,177,177,177,-
2020-04-26,170,172,179,170,20.01K
2020-04-27,175,175,175,175,0.08K
2020-04-28,175,175,175,175,-
2020-04-29,175,175,175,175,-
2020-04-30,178,178,179,178,125.14K
2020-05-03,179,180,180,179,352.49K
2020-05-04,187,180,196,180,1.99M
2020-05-05,190,191,196,189,1.34M
2020-05-06,193,196,196,193,510.92K
2020-05-07,195,195,195,195,0.10K
2020-05-10,195,195,195,195,-
2020-05-11,192,188,192,188,242.09K
2020-05-12,184,192,192,183,306.90K
2020-05-13,186,186,186,186,0.03K
2020-05-14,186,186,186,177,232.58K
2020-05-17,185,187,188,185,172.47K
2020-05-18,186,186,188,182,390.00K
2020-05-19,180,182,182,180,320.00K
2020-05-20,180,180,180,179,194.60K
2020-05-21,184,181,184,180,100.10K
2020-05-27,185,184,185,182,315.74K
2020-05-28,183,182,185,182,39.04K
2020-05-31,181,182,188,181,86.42K
2020-06-01,180,182,182,180,55.00K
2020-06-02,180,181,181,179,179.47K
2020-06-04,180,178,180,175,283.37K
2020-06-07,180,180,180,180,10.00K
2020-06-08,180,180,180,180,100.00K
2020-06-09,184,180,184,180,200.11K
2020-06-11,183,176,183,176,219.67K
2020-06-14,180,180,183,180,285.20K
2020-06-15,180,186,186,180,10.02K
2020-06-16,185,180,185,180,893.16K
2020-06-17,187,186,187,185,78.53K
2020-06-18,188,188,188,186,130.08K
2020-06-21,189,190,190,189,7.03K
2020-06-22,184,189,189,184,222.46K
2020-06-23,186,188,188,186,5.02K
2020-06-24,195,187,200,187,4.08M
2020-06-25,191,195,195,191,715.68K
2020-06-28,190,193,194,190,271.50K
2020-06-29,189,191,191,189,59.21K
2020-06-30,185,187,188,185,159.58K
2020-07-01,183,188,188,183,355.07K
2020-07-02,181,183,186,180,791.32K
2020-07-05,184,185,185,181,37.52K
2020-07-06,183,182,185,182,22.72K
2020-07-07,183,185,186,183,247.98K
2020-07-08,184,183,185,182,44.50K
2020-07-09,184,183,184,182,42.46K
2020-07-12,187,184,188,184,266.92K
2020-07-13,189,189,189,187,97.80K
2020-07-14,184,189,195,184,1.36M
2020-07-15,189,189,189,182,31.47K
2020-07-16,186,184,189,183,324.62K
2020-07-19,182,178,183,178,583.42K
2020-07-20,184,185,185,182,39.42K
2020-07-21,183,182,186,182,58.43K
2020-07-22,181,180,182,177,102.22K
2020-07-23,182,182,184,179,220.09K
2020-07-26,182,181,182,180,5.51K
2020-07-27,182,182,182,182,3.25K
2020-07-28,182,180,182,180,26.31K
2020-07-29,184,181,184,181,10.55K
2020-08-04,184,184,184,184,-
2020-08-05,181,182,182,181,37.14K
2020-08-06,182,182,182,182,10.00K
2020-08-09,184,184,189,184,177.80K
2020-08-10,187,186,187,182,326.11K
2020-08-11,192,187,194,187,1.32M
2020-08-12,194,194,196,193,508.67K
2020-08-13,195,192,195,190,359.28K
2020-08-16,189,191,194,189,285.53K
2020-08-17,188,193,193,188,340.48K
2020-08-18,188,188,189,186,336.51K
2020-08-19,187,189,189,185,87.45K
2020-08-23,183,186,186,183,33.88K
2020-08-24,184,182,184,182,75.76K
2020-08-25,185,183,185,182,70.21K
2020-08-26,185,185,186,184,34.50K
2020-08-27,185,185,185,185,258.60K
2020-08-30,185,184,185,184,28.00K
2020-08-31,185,185,185,185,-
2020-09-01,185,182,185,182,135.50K
2020-09-02,183,182,184,182,157.89K
2020-09-03,183,183,183,183,-
2020-09-06,182,182,182,180,145.80K
2020-09-07,185,183,185,182,51.50K
2020-09-08,187,185,187,184,17.38K
2020-09-09,184,184,184,184,1.16K
2020-09-10,184,185,186,183,52.04K
2020-09-13,184,183,187,182,363.00K
2020-09-14,182,182,182,182,17.34K
2020-09-15,184,182,184,182,101.61K
2020-09-16,185,183,185,183,43.00K
2020-09-17,183,183,184,183,57.02K
2020-09-20,183,182,186,182,193.28K
2020-09-21,186,184,186,184,41.10K
2020-09-22,184,183,184,183,45.00K
2020-09-23,186,185,186,184,167.41K
2020-09-24,185,184,186,184,56.42K
2020-09-27,184,184,186,183,368.99K
2020-09-28,185,184,185,184,70.11K
2020-09-29,183,183,183,180,279.20K
2020-10-04,186,182,186,182,182.19K
2020-10-05,182,187,188,182,117.71K
2020-10-06,185,187,187,185,27.23K
2020-10-07,193,184,193,184,941.53K
2020-10-08,189,194,195,189,633.53K
2020-10-11,194,188,194,188,343.14K
2020-10-12,194,194,194,192,111.19K
2020-10-13,191,190,192,190,186.33K
2020-10-14,191,190,191,190,75.83K
2020-10-15,190,188,190,188,15.90K
2020-10-18,190,191,191,190,67.50K
2020-10-19,189,186,189,185,69.38K
2020-10-20,185,185,185,185,2.00K
2020-10-21,185,185,185,185,-
2020-10-22,189,189,189,189,0.51K
2020-10-25,186,188,188,186,4.90K
2020-10-26,185,186,188,185,40.42K
2020-10-27,189,184,189,184,158.00K
2020-10-28,186,190,190,186,10.91K
2020-11-01,189,187,189,187,5.00K
2020-11-02,189,189,189,189,-
2020-11-03,188,187,188,187,15.16K
2020-11-04,186,186,186,186,47.00K
2020-11-05,189,189,189,186,4.85K
2020-11-08,186,186,186,186,22.00K
2020-11-09,188,186,188,186,5.05K
2020-11-10,187,185,190,184,20.60K
2020-11-11,186,186,186,186,3.50K
2020-11-12,188,190,190,188,2.15K
2020-11-15,187,187,187,182,171.06K
2020-11-16,184,187,187,181,16.03K
2020-11-17,184,184,184,184,10.00K
2020-11-18,183,183,183,183,35.00K
2020-11-19,186,183,186,182,86.10K
2020-11-22,182,185,185,182,0.02K
2020-11-23,184,184,184,184,0.01K
2020-11-24,183,183,183,183,9.90K
2020-11-25,184,184,184,180,100.00K
2020-11-26,180,181,184,180,152.98K
2020-11-29,179,183,183,179,19.00K
2020-11-30,177,182,182,171,62.82K
2020-12-01,177,177,177,177,-
2020-12-02,181,181,181,181,0.00K
2020-12-03,180,180,180,179,20.90K
2020-12-06,177,177,177,177,10.00K
2020-12-07,180,177,180,177,25.90K
2020-12-08,181,179,181,178,29.27K
2020-12-09,179,180,180,179,26.03K
2020-12-10,179,179,179,179,5.00K
2020-12-13,180,179,180,177,119.38K
2020-12-14,182,181,182,180,72.19K
2020-12-15,181,183,183,181,16.11K
2020-12-16,182,182,182,182,1.70K
2020-12-17,182,182,182,182,10.00K
2020-12-20,182,182,184,181,39.31K
2020-12-21,184,184,184,182,45.51K
2020-12-22,181,180,183,180,50.92K
2020-12-23,180,181,181,180,75.50K
2020-12-24,180,180,180,180,25.00K
2020-12-27,182,182,182,182,0.01K
2020-12-28,182,180,182,180,15.50K
2020-12-29,179,179,179,179,98.60K
2020-12-31,176,178,178,176,34.93K
2021-01-04,178,177,181,177,6.83K
2021-01-05,181,181,181,181,10.00K
2021-01-06,182,182,182,182,0.01K
2021-01-07,183,178,183,178,130.16K
