Date,close,open,high,low
2012-07-29,0.33,0.33,0.34,0.33
2012-07-30,0.33,0.33,0.33,0.33
2012-07-31,0.33,0.34,0.34,0.33
2012-08-01,0.33,0.33,0.33,0.33
2012-08-02,0.35,0.34,0.35,0.34
2012-08-05,0.35,0.35,0.35,0.34
2012-08-06,0.35,0.35,0.35,0.34
2012-08-07,0.35,0.34,0.36,0.34
2012-08-09,0.35,0.35,0.35,0.34
2012-08-12,0.34,0.34,0.35,0.34
2012-08-13,0.35,0.35,0.35,0.35
2012-08-14,0.35,0.35,0.35,0.34
2012-08-15,0.35,0.35,0.35,0.35
2012-08-16,0.34,0.34,0.35,0.34
2012-08-22,0.35,0.35,0.36,0.34
2012-08-23,0.35,0.34,0.35,0.34
2012-08-26,0.35,0.35,0.36,0.34
2012-08-27,0.35,0.35,0.35,0.34
2012-08-28,0.34,0.34,0.34,0.34
2012-08-29,0.34,0.34,0.35,0.34
2012-08-30,0.34,0.34,0.34,0.34
2012-09-02,0.34,0.35,0.35,0.34
2012-09-03,0.35,0.34,0.35,0.34
2012-09-04,0.34,0.34,0.35,0.34
2012-09-05,0.35,0.34,0.35,0.34
2012-09-06,0.35,0.34,0.35,0.34
2012-09-09,0.35,0.35,0.35,0.34
2012-09-10,0.35,0.35,0.35,0.34
2012-09-11,0.35,0.35,0.35,0.34
2012-09-12,0.36,0.35,0.36,0.35
2012-09-13,0.35,0.35,0.36,0.35
2012-09-16,0.36,0.35,0.36,0.35
2012-09-17,0.35,0.35,0.35,0.35
2012-09-18,0.35,0.35,0.35,0.34
2012-09-19,0.36,0.35,0.36,0.35
2012-09-20,0.36,0.36,0.36,0.36
2012-09-23,0.35,0.35,0.36,0.35
2012-09-24,0.35,0.35,0.36,0.35
2012-09-25,0.35,0.35,0.35,0.35
2012-09-26,0.35,0.35,0.35,0.34
2012-09-27,0.35,0.35,0.35,0.35
2012-09-30,0.34,0.34,0.35,0.34
2012-10-01,0.35,0.34,0.36,0.34
2012-10-02,0.35,0.35,0.35,0.35
2012-10-03,0.35,0.35,0.35,0.35
2012-10-04,0.35,0.35,0.35,0.35
2012-10-07,0.36,0.35,0.37,0.35
2012-10-08,0.37,0.36,0.37,0.35
2012-10-09,0.37,0.37,0.37,0.36
2012-10-10,0.38,0.37,0.38,0.37
2012-10-11,0.37,0.38,0.38,0.36
2012-10-14,0.37,0.36,0.37,0.36
2012-10-15,0.36,0.36,0.37,0.36
2012-10-16,0.38,0.37,0.39,0.37
2012-10-17,0.4,0.39,0.41,0.39
2012-10-18,0.39,0.39,0.4,0.38
2012-10-21,0.38,0.39,0.39,0.38
2012-10-22,0.38,0.38,0.39,0.38
2012-10-23,0.38,0.39,0.39,0.38
2012-10-24,0.37,0.37,0.38,0.37
2012-10-29,0.38,0.38,0.39,0.38
2012-10-30,0.38,0.38,0.38,0.37
2012-10-31,0.38,0.38,0.38,0.37
2012-11-01,0.38,0.38,0.38,0.38
2012-11-04,0.38,0.38,0.38,0.37
2012-11-05,0.38,0.37,0.39,0.37
2012-11-06,0.38,0.38,0.39,0.38
2012-11-07,0.38,0.39,0.39,0.38
2012-11-08,0.38,0.37,0.4,0.37
2012-11-11,0.4,0.39,0.41,0.39
2012-11-12,0.41,0.4,0.42,0.4
2012-11-13,0.4,0.4,0.41,0.39
2012-11-14,0.4,0.4,0.4,0.4
2012-11-18,0.4,0.4,0.4,0.39
2012-11-19,0.38,0.39,0.39,0.38
2012-11-20,0.4,0.38,0.41,0.38
2012-11-21,0.41,0.4,0.42,0.4
2012-11-22,0.41,0.41,0.41,0.4
2012-11-25,0.4,0.41,0.41,0.39
2012-11-26,0.39,0.4,0.4,0.39
2012-11-27,0.38,0.4,0.4,0.38
2012-11-28,0.39,0.38,0.39,0.38
2012-11-29,0.39,0.39,0.4,0.39
2012-12-04,0.39,0.39,0.4,0.38
2012-12-06,0.39,0.39,0.4,0.38
2012-12-09,0.39,0.39,0.4,0.39
2012-12-10,0.39,0.39,0.39,0.38
2012-12-11,0.39,0.39,0.4,0.38
2012-12-12,0.39,0.39,0.39,0.38
2012-12-13,0.39,0.39,0.39,0.38
2012-12-16,0.38,0.39,0.39,0.38
2012-12-17,0.38,0.38,0.38,0.38
2012-12-18,0.38,0.38,0.38,0.38
2012-12-19,0.38,0.38,0.39,0.37
2012-12-20,0.38,0.38,0.39,0.37
2012-12-23,0.38,0.38,0.38,0.38
2012-12-24,0.38,0.38,0.38,0.37
2012-12-25,0.37,0.37,0.38,0.37
2012-12-26,0.38,0.38,0.38,0.37
2012-12-27,0.38,0.38,0.38,0.38
2012-12-30,0.38,0.39,0.39,0.38
2012-12-31,0.38,0.38,0.38,0.37
2013-01-02,0.4,0.38,0.4,0.38
2013-01-03,0.4,0.4,0.41,0.39
2013-01-06,0.41,0.41,0.41,0.4
2013-01-07,0.4,0.4,0.4,0.39
2013-01-08,0.43,0.4,0.43,0.39
2013-01-09,0.41,0.43,0.43,0.41
2013-01-10,0.42,0.42,0.43,0.42
2013-01-13,0.42,0.43,0.43,0.41
2013-01-14,0.42,0.42,0.44,0.42
2013-01-15,0.42,0.43,0.43,0.42
2013-01-16,0.42,0.43,0.43,0.42
2013-01-17,0.42,0.42,0.42,0.41
2013-01-20,0.44,0.43,0.45,0.43
2013-01-21,0.42,0.45,0.45,0.42
2013-01-22,0.42,0.42,0.43,0.42
2013-01-23,0.42,0.42,0.43,0.41
2013-01-27,0.43,0.43,0.44,0.43
2013-01-28,0.43,0.43,0.43,0.42
2013-01-29,0.42,0.43,0.43,0.42
2013-01-30,0.42,0.43,0.43,0.42
2013-01-31,0.44,0.42,0.44,0.42
2013-02-03,0.46,0.45,0.48,0.45
2013-02-04,0.46,0.47,0.48,0.46
2013-02-05,0.5,0.47,0.5,0.46
2013-02-06,0.5,0.51,0.51,0.49
2013-02-07,0.51,0.5,0.51,0.5
2013-02-10,0.55,0.54,0.56,0.52
2013-02-11,0.54,0.55,0.56,0.54
2013-02-12,0.54,0.54,0.55,0.54
2013-02-13,0.56,0.55,0.58,0.54
2013-02-14,0.59,0.57,0.6,0.57
2013-02-17,0.57,0.59,0.59,0.57
2013-02-18,0.57,0.57,0.58,0.56
2013-02-19,0.56,0.58,0.59,0.56
2013-02-20,0.56,0.56,0.57,0.55
2013-02-21,0.55,0.56,0.57,0.55
2013-02-24,0.57,0.56,0.57,0.56
2013-02-25,0.55,0.57,0.57,0.55
2013-02-26,0.57,0.55,0.58,0.55
2013-02-27,0.56,0.57,0.59,0.56
2013-02-28,0.57,0.57,0.58,0.56
2013-03-03,0.57,0.57,0.58,0.56
2013-03-04,0.55,0.57,0.57,0.55
2013-03-05,0.55,0.55,0.56,0.54
2013-03-06,0.56,0.55,0.56,0.54
2013-03-07,0.56,0.55,0.56,0.55
2013-03-10,0.56,0.56,0.56,0.55
2013-03-11,0.56,0.56,0.57,0.55
2013-03-12,0.56,0.56,0.56,0.55
2013-03-13,0.56,0.56,0.57,0.56
2013-03-14,0.58,0.56,0.58,0.56
2013-03-17,0.56,0.58,0.58,0.56
2013-03-18,0.57,0.56,0.57,0.55
2013-03-19,0.57,0.56,0.57,0.56
2013-03-20,0.56,0.57,0.57,0.56
2013-03-21,0.56,0.56,0.56,0.55
2013-03-24,0.55,0.57,0.57,0.55
2013-03-25,0.5,0.5,0.5,0.5
2013-03-26,0.47,0.5,0.5,0.47
2013-03-27,0.46,0.47,0.47,0.44
2013-03-28,0.46,0.45,0.46,0.45
2013-03-31,0.46,0.46,0.46,0.45
2013-04-01,0.44,0.45,0.45,0.44
2013-04-02,0.44,0.44,0.45,0.44
2013-04-03,0.45,0.45,0.46,0.44
2013-04-04,0.46,0.45,0.47,0.45
2013-04-07,0.47,0.46,0.47,0.46
2013-04-08,0.46,0.46,0.47,0.46
2013-04-09,0.47,0.46,0.47,0.46
2013-04-10,0.47,0.47,0.47,0.46
2013-04-11,0.47,0.47,0.47,0.46
2013-04-14,0.46,0.46,0.47,0.46
2013-04-15,0.47,0.46,0.47,0.46
2013-04-16,0.47,0.46,0.47,0.46
2013-04-17,0.46,0.46,0.47,0.46
2013-04-18,0.46,0.46,0.47,0.46
2013-04-21,0.46,0.46,0.47,0.46
2013-04-22,0.46,0.46,0.46,0.46
2013-04-23,0.47,0.46,0.47,0.46
2013-04-24,0.49,0.47,0.49,0.47
2013-04-25,0.48,0.48,0.48,0.48
2013-04-28,0.48,0.47,0.48,0.46
2013-04-29,0.48,0.48,0.48,0.47
2013-04-30,0.47,0.48,0.48,0.47
2013-05-01,0.49,0.47,0.49,0.47
2013-05-02,0.49,0.48,0.51,0.48
2013-05-05,0.51,0.5,0.52,0.5
2013-05-06,0.52,0.52,0.52,0.51
2013-05-07,0.53,0.52,0.54,0.51
2013-05-08,0.52,0.53,0.54,0.52
2013-05-09,0.54,0.53,0.54,0.53
2013-05-12,0.54,0.54,0.55,0.53
2013-05-13,0.53,0.54,0.54,0.53
2013-05-14,0.55,0.54,0.56,0.53
2013-05-15,0.55,0.56,0.57,0.54
2013-05-16,0.55,0.55,0.55,0.54
2013-05-19,0.59,0.55,0.59,0.55
2013-05-20,0.57,0.58,0.59,0.56
2013-05-21,0.57,0.58,0.58,0.56
2013-05-22,0.57,0.58,0.58,0.57
2013-05-23,0.56,0.56,0.56,0.55
2013-05-26,0.55,0.56,0.57,0.55
2013-05-27,0.56,0.56,0.57,0.54
2013-05-28,0.58,0.57,0.58,0.56
2013-05-29,0.58,0.58,0.58,0.56
2013-05-30,0.57,0.57,0.57,0.56
2013-06-02,0.64,0.57,0.65,0.57
2013-06-03,0.61,0.66,0.66,0.6
2013-06-04,0.58,0.61,0.62,0.57
2013-06-05,0.6,0.58,0.6,0.57
2013-06-09,0.59,0.6,0.61,0.59
2013-06-10,0.57,0.58,0.58,0.56
2013-06-11,0.58,0.57,0.58,0.56
2013-06-12,0.6,0.6,0.6,0.58
2013-06-13,0.62,0.6,0.62,0.58
2013-06-16,0.6,0.59,0.6,0.59
2013-06-17,0.61,0.6,0.61,0.6
2013-06-18,0.6,0.6,0.61,0.6
2013-06-19,0.59,0.6,0.6,0.59
2013-06-20,0.59,0.59,0.6,0.58
2013-06-23,0.56,0.58,0.6,0.55
2013-06-24,0.53,0.55,0.56,0.51
2013-06-25,0.55,0.53,0.55,0.53
2013-06-26,0.54,0.54,0.55,0.53
2013-06-27,0.55,0.54,0.55,0.54
2013-06-30,0.54,0.55,0.55,0.54
2013-07-01,0.55,0.54,0.56,0.54
2013-07-02,0.55,0.55,0.56,0.55
2013-07-03,0.55,0.54,0.55,0.53
2013-07-04,0.54,0.55,0.55,0.54
2013-07-07,0.56,0.54,0.56,0.54
2013-07-08,0.57,0.55,0.58,0.55
2013-07-09,0.57,0.57,0.59,0.57
2013-07-10,0.57,0.58,0.58,0.57
2013-07-11,0.59,0.57,0.59,0.57
2013-07-14,0.59,0.59,0.6,0.58
2013-07-15,0.6,0.59,0.6,0.58
2013-07-16,0.6,0.59,0.6,0.59
2013-07-17,0.6,0.6,0.6,0.59
2013-07-18,0.61,0.6,0.61,0.6
2013-07-21,0.61,0.61,0.62,0.6
2013-07-22,0.63,0.61,0.64,0.61
2013-07-23,0.63,0.63,0.64,0.63
2013-07-24,0.62,0.64,0.64,0.62
2013-07-25,0.62,0.62,0.63,0.61
2013-07-28,0.62,0.63,0.64,0.62
2013-07-29,0.59,0.61,0.61,0.58
2013-07-30,0.59,0.59,0.6,0.58
2013-07-31,0.59,0.6,0.6,0.59
2013-08-01,0.58,0.59,0.6,0.58
2013-08-04,0.59,0.59,0.59,0.58
2013-08-05,0.58,0.59,0.59,0.57
2013-08-06,0.58,0.58,0.58,0.57
2013-08-11,0.58,0.58,0.58,0.57
2013-08-12,0.57,0.57,0.57,0.56
2013-08-13,0.58,0.57,0.58,0.57
2013-08-14,0.57,0.58,0.58,0.57
2013-08-15,0.57,0.58,0.58,0.57
2013-08-18,0.57,0.57,0.57,0.56
2013-08-19,0.58,0.57,0.58,0.57
2013-08-20,0.58,0.58,0.58,0.57
2013-08-21,0.59,0.58,0.59,0.58
2013-08-22,0.59,0.58,0.6,0.58
2013-08-25,0.67,0.6,0.67,0.59
2013-08-26,0.64,0.68,0.68,0.64
2013-08-27,0.6,0.63,0.64,0.58
2013-08-28,0.58,0.58,0.58,0.54
2013-08-29,0.57,0.58,0.59,0.56
2013-09-01,0.6,0.58,0.61,0.58
2013-09-02,0.6,0.61,0.61,0.58
2013-09-03,0.57,0.61,0.62,0.55
2013-09-04,0.56,0.57,0.57,0.55
2013-09-05,0.54,0.56,0.56,0.54
2013-09-08,0.55,0.54,0.55,0.54
2013-09-09,0.53,0.55,0.55,0.52
2013-09-10,0.58,0.56,0.58,0.55
2013-09-11,0.57,0.58,0.59,0.57
2013-09-12,0.58,0.58,0.59,0.57
2013-09-15,0.62,0.59,0.62,0.59
2013-09-16,0.61,0.62,0.63,0.6
2013-09-17,0.6,0.61,0.61,0.59
2013-09-18,0.59,0.6,0.61,0.59
2013-09-19,0.62,0.6,0.63,0.6
2013-09-22,0.68,0.61,0.7,0.6
2013-09-23,0.7,0.71,0.73,0.69
2013-09-24,0.7,0.7,0.72,0.69
2013-09-25,0.73,0.71,0.74,0.69
2013-09-26,0.71,0.73,0.74,0.7
2013-09-29,0.72,0.72,0.74,0.72
2013-09-30,0.72,0.72,0.73,0.7
2013-10-01,0.74,0.72,0.76,0.7
2013-10-02,0.74,0.74,0.77,0.73
2013-10-03,0.74,0.75,0.75,0.73
2013-10-06,0.73,0.74,0.75,0.72
2013-10-07,0.7,0.73,0.73,0.7
2013-10-08,0.7,0.71,0.71,0.7
2013-10-09,0.71,0.7,0.71,0.7
2013-10-10,0.73,0.7,0.73,0.7
2013-10-20,0.74,0.74,0.75,0.73
2013-10-21,0.73,0.74,0.74,0.72
2013-10-22,0.73,0.73,0.74,0.72
2013-10-23,0.73,0.73,0.73,0.72
2013-10-24,0.72,0.73,0.73,0.72
2013-10-27,0.73,0.72,0.74,0.72
2013-10-28,0.72,0.73,0.73,0.72
2013-10-29,0.71,0.72,0.72,0.71
2013-10-30,0.72,0.72,0.73,0.71
2013-11-04,0.71,0.72,0.72,0.71
2013-11-05,0.7,0.71,0.71,0.69
2013-11-06,0.7,0.7,0.71,0.7
2013-11-07,0.72,0.71,0.72,0.7
2013-11-10,0.71,0.72,0.72,0.71
2013-11-11,0.67,0.71,0.71,0.67
2013-11-12,0.67,0.68,0.68,0.66
2013-11-13,0.67,0.68,0.68,0.65
2013-11-14,0.67,0.67,0.68,0.66
2013-11-17,0.66,0.67,0.67,0.65
2013-11-18,0.69,0.66,0.7,0.66
2013-11-19,0.69,0.69,0.7,0.68
2013-11-20,0.67,0.68,0.68,0.67
2013-11-21,0.68,0.68,0.69,0.67
2013-11-24,0.69,0.69,0.69,0.68
2013-11-25,0.68,0.68,0.68,0.67
2013-11-26,0.67,0.68,0.68,0.67
2013-11-27,0.68,0.68,0.68,0.67
2013-11-28,0.68,0.7,0.71,0.67
2013-12-02,0.69,0.68,0.7,0.67
2013-12-03,0.7,0.7,0.71,0.69
2013-12-04,0.72,0.69,0.73,0.69
2013-12-05,0.74,0.73,0.74,0.72
2013-12-08,0.75,0.74,0.76,0.73
2013-12-09,0.75,0.75,0.75,0.74
2013-12-10,0.74,0.75,0.75,0.73
2013-12-11,0.73,0.74,0.74,0.72
2013-12-12,0.72,0.73,0.73,0.72
2013-12-15,0.73,0.73,0.74,0.72
2013-12-16,0.72,0.73,0.73,0.72
2013-12-17,0.72,0.73,0.73,0.72
2013-12-18,0.73,0.73,0.74,0.72
2013-12-19,0.83,0.74,0.83,0.74
2013-12-22,0.84,0.83,0.87,0.81
2013-12-23,0.87,0.85,0.89,0.83
2013-12-24,0.91,0.87,0.91,0.87
2013-12-25,0.97,0.92,1.01,0.91
2013-12-26,0.95,0.99,1,0.93
2013-12-29,0.96,0.94,0.97,0.93
2013-12-30,0.99,0.97,1.01,0.97
2013-12-31,0.98,1,1.01,0.98
2014-01-02,0.96,0.99,0.99,0.95
2014-01-05,0.98,0.95,0.99,0.95
2014-01-06,0.97,0.98,0.99,0.96
2014-01-07,0.95,0.97,0.97,0.95
2014-01-08,0.99,0.96,1,0.95
2014-01-09,1.06,0.99,1.06,0.99
2014-01-13,1.19,1.09,1.21,1.08
2014-01-14,1.21,1.17,1.26,1.15
2014-01-15,1.18,1.24,1.25,1.18
2014-01-16,1.17,1.18,1.2,1.17
2014-01-19,1.18,1.19,1.23,1.16
2014-01-20,1.25,1.22,1.25,1.18
2014-01-21,1.24,1.28,1.3,1.23
2014-01-22,1.22,1.24,1.27,1.19
2014-01-23,1.25,1.22,1.27,1.22
2014-01-26,1.2,1.2,1.22,1.18
2014-01-27,1.15,1.2,1.22,1.13
2014-01-28,1.18,1.16,1.19,1.14
2014-01-29,1.18,1.2,1.22,1.18
2014-01-30,1.16,1.17,1.19,1.16
2014-02-02,1.16,1.18,1.2,1.16
2014-02-03,1.14,1.17,1.17,1.12
2014-02-04,1.16,1.13,1.16,1.11
2014-02-05,1.23,1.18,1.26,1.18
2014-02-06,1.25,1.25,1.27,1.24
2014-02-09,1.22,1.26,1.27,1.22
2014-02-10,1.2,1.22,1.23,1.19
2014-02-11,1.2,1.21,1.22,1.16
2014-02-12,1.16,1.2,1.2,1.16
2014-02-13,1.18,1.18,1.18,1.16
2014-02-16,1.19,1.2,1.21,1.18
2014-02-17,1.19,1.19,1.2,1.18
2014-02-18,1.18,1.2,1.2,1.15
2014-02-19,1.15,1.17,1.18,1.15
2014-02-20,1.15,1.15,1.17,1.14
2014-02-23,1.12,1.16,1.16,1.12
2014-02-24,1.12,1.12,1.14,1.09
2014-02-25,1.16,1.15,1.17,1.12
2014-02-26,1.19,1.18,1.21,1.18
2014-02-27,1.22,1.2,1.23,1.17
2014-03-02,1.2,1.23,1.25,1.19
2014-03-03,1.19,1.2,1.21,1.15
2014-03-04,1.18,1.18,1.21,1.17
2014-03-05,1.15,1.2,1.21,1.15
2014-03-06,1.17,1.16,1.18,1.16
2014-03-09,1.16,1.18,1.18,1.14
2014-03-10,1.15,1.16,1.16,1.14
2014-03-11,1.14,1.15,1.16,1.14
2014-03-12,1.11,1.14,1.14,1.1
2014-03-13,1.13,1.1,1.13,1.06
2014-03-16,1.14,1.14,1.15,1.12
2014-03-17,1.15,1.13,1.16,1.12
2014-03-18,1.16,1.16,1.16,1.14
2014-03-19,1.14,1.17,1.17,1.12
2014-03-20,1.09,1.1,1.11,1.08
2014-03-23,1.08,1.1,1.11,1.07
2014-03-24,1.09,1.09,1.13,1.08
2014-03-25,1.09,1.1,1.11,1.09
2014-03-26,1.11,1.11,1.12,1.09
2014-03-27,1.09,1.11,1.11,1.09
2014-03-30,1.1,1.09,1.1,1.09
2014-03-31,1.11,1.11,1.14,1.11
2014-04-01,1.13,1.13,1.14,1.11
2014-04-02,1.12,1.14,1.15,1.12
2014-04-03,1.17,1.14,1.18,1.13
2014-04-06,1.34,1.21,1.34,1.21
2014-04-07,1.29,1.37,1.37,1.29
2014-04-08,1.28,1.29,1.33,1.27
2014-04-09,1.37,1.3,1.37,1.3
2014-04-10,1.44,1.42,1.46,1.39
2014-04-13,1.45,1.42,1.52,1.4
2014-04-14,1.47,1.47,1.48,1.41
2014-04-15,1.44,1.5,1.51,1.43
2014-04-16,1.44,1.45,1.47,1.43
2014-04-17,1.44,1.44,1.45,1.42
2014-04-20,1.41,1.44,1.45,1.39
2014-04-21,1.4,1.42,1.42,1.38
2014-04-22,1.36,1.41,1.41,1.36
2014-04-23,1.31,1.37,1.37,1.31
2014-04-24,1.27,1.32,1.33,1.25
2014-04-27,1.32,1.28,1.35,1.28
2014-04-28,1.29,1.33,1.34,1.29
2014-04-29,1.3,1.31,1.32,1.29
2014-04-30,1.25,1.3,1.3,1.24
2014-05-01,1.26,1.25,1.28,1.23
2014-05-04,1.29,1.27,1.32,1.26
2014-05-05,1.29,1.31,1.32,1.29
2014-05-06,1.27,1.3,1.31,1.26
2014-05-07,1.24,1.27,1.28,1.24
2014-05-08,1.26,1.25,1.28,1.25
2014-05-11,1.21,1.27,1.27,1.2
2014-05-12,1.21,1.2,1.22,1.16
2014-05-13,1.18,1.22,1.23,1.17
2014-05-14,1.17,1.19,1.19,1.15
2014-05-15,1.16,1.19,1.19,1.15
2014-05-18,1.13,1.15,1.16,1.13
2014-05-19,1.08,1.14,1.15,1.06
2014-05-20,1.06,1.09,1.12,1.04
2014-05-21,1.12,1.06,1.12,1.04
2014-05-22,1.11,1.13,1.13,1.08
2014-05-26,1.11,1.12,1.12,1.09
2014-05-27,1.13,1.11,1.15,1.09
2014-05-28,1.1,1.14,1.16,1.1
2014-05-29,1.13,1.1,1.16,1.1
2014-06-01,1.19,1.15,1.24,1.14
2014-06-02,1.2,1.2,1.24,1.19
2014-06-03,1.19,1.21,1.26,1.16
2014-06-04,1.16,1.18,1.19,1.15
2014-06-05,1.17,1.16,1.18,1.16
2014-06-08,1.14,1.19,1.2,1.14
2014-06-09,1.07,1.14,1.14,1.07
2014-06-10,1.07,1.08,1.12,1.03
2014-06-11,1.06,1.07,1.09,1.03
2014-06-12,1.11,1.07,1.12,1.06
2014-06-15,1.06,1.1,1.11,1.06
2014-06-16,1.03,1.07,1.07,1.02
2014-06-17,1.06,1.02,1.06,1.02
2014-06-18,1.06,1.06,1.07,1.04
2014-06-19,1.06,1.06,1.08,1.06
2014-06-22,1.05,1.08,1.08,1.04
2014-06-23,0.99,1.04,1.04,0.96
2014-06-24,0.9,0.99,1,0.9
2014-06-25,0.97,0.9,0.98,0.86
2014-06-26,0.93,0.97,1,0.92
2014-06-29,0.89,0.92,0.92,0.89
2014-06-30,0.83,0.89,0.89,0.81
2014-07-01,0.84,0.78,0.84,0.75
2014-07-02,0.96,0.85,0.96,0.84
2014-07-03,1.01,0.96,1.03,0.94
2014-07-06,1.06,1.01,1.06,0.99
2014-07-07,1.03,1.05,1.06,1.02
2014-07-08,1.03,1.02,1.03,1
2014-07-09,1.01,1.02,1.02,1
2014-07-10,1.01,1.01,1.04,1
2014-07-13,1.03,1.02,1.04,1.02
2014-07-14,1.08,1.04,1.09,1.04
2014-07-15,1.1,1.09,1.11,1.08
2014-07-16,1.12,1.11,1.13,1.08
2014-07-17,1.11,1.12,1.14,1.1
2014-07-20,1,1.11,1.11,1
2014-07-21,1.05,0.99,1.05,0.92
2014-07-22,1.04,1.05,1.05,1.01
2014-07-23,1.02,1.02,1.03,1
2014-07-24,1,1,1.02,0.98
2014-07-27,1.01,0.98,1.01,0.98
2014-07-31,1.01,0.99,1.02,0.99
2014-08-03,1.02,1,1.04,0.99
2014-08-04,1.01,1.02,1.03,1
2014-08-05,1.02,1.02,1.03,1
2014-08-06,1,1,1.01,0.99
2014-08-07,1,1,1,0.98
2014-08-10,0.99,1,1,0.99
2014-08-11,1.01,0.99,1.01,0.99
2014-08-12,1.01,1.01,1.01,1
2014-08-13,1,0.99,1.01,0.99
2014-08-14,1.01,1,1.02,0.99
2014-08-17,1,1.02,1.02,1
2014-08-18,1,1,1.02,1
2014-08-19,1.02,1.01,1.02,1.01
2014-08-20,1.02,1.01,1.02,1.01
2014-08-21,1.03,1.01,1.03,1.01
2014-08-24,1.04,1.03,1.05,1.02
2014-08-25,1.04,1.04,1.06,1.03
2014-08-26,1.04,1.05,1.05,1.03
2014-08-27,1.07,1.04,1.08,1.03
2014-08-28,1.05,1.06,1.08,1.04
2014-08-31,1.06,1.05,1.08,1.04
2014-09-01,1.07,1.07,1.09,1.06
2014-09-02,1.06,1.07,1.08,1.05
2014-09-03,1.06,1.06,1.06,1.04
2014-09-04,1.04,1.05,1.06,1.04
2014-09-07,1.02,1.04,1.05,1.02
2014-09-08,1.02,1.01,1.03,1
2014-09-09,1.02,1.03,1.03,1.01
2014-09-10,0.99,1.02,1.02,0.98
2014-09-11,1.01,0.98,1.01,0.98
2014-09-14,1.01,1.01,1.01,1
2014-09-15,1.01,1.01,1.02,1
2014-09-16,0.99,1.01,1.02,0.99
2014-09-17,1.01,1,1.01,0.99
2014-09-18,1.03,1.01,1.03,1
2014-09-21,1.04,1.03,1.06,1.02
2014-09-22,1.03,1.03,1.03,1.02
2014-09-23,1.02,1.03,1.04,1.02
2014-09-24,1,1.02,1.02,1
2014-09-25,1.02,1,1.02,0.99
2014-09-28,0.99,1.01,1.01,0.99
2014-09-29,1.01,1,1.01,0.99
2014-09-30,1,1,1,1
2014-10-01,1,1,1.01,0.98
2014-10-02,0.99,0.98,0.99,0.98
2014-10-07,0.99,0.99,0.99,0.98
2014-10-08,0.97,0.98,0.98,0.97
2014-10-09,0.99,0.99,1,0.98
2014-10-12,0.92,0.98,0.98,0.9
2014-10-13,0.94,0.9,0.95,0.85
2014-10-14,0.9,0.9,0.92,0.87
2014-10-15,0.86,0.92,0.92,0.86
2014-10-16,0.8,0.84,0.86,0.8
2014-10-19,0.87,0.85,0.88,0.85
2014-10-20,0.83,0.87,0.88,0.82
2014-10-21,0.83,0.84,0.85,0.82
2014-10-22,0.84,0.87,0.87,0.84
2014-10-23,0.85,0.84,0.85,0.83
2014-10-26,0.88,0.86,0.88,0.86
2014-10-27,0.85,0.87,0.89,0.85
2014-10-28,0.85,0.85,0.85,0.83
2014-10-29,0.83,0.86,0.86,0.82
2014-10-30,0.83,0.82,0.84,0.8
2014-11-02,0.82,0.84,0.85,0.82
2014-11-03,0.81,0.83,0.83,0.81
2014-11-04,0.8,0.81,0.81,0.79
2014-11-05,0.77,0.79,0.79,0.74
2014-11-06,0.78,0.77,0.79,0.77
2014-11-09,0.8,0.8,0.8,0.78
2014-11-10,0.81,0.81,0.82,0.79
2014-11-11,0.85,0.81,0.86,0.79
2014-11-12,0.83,0.85,0.85,0.82
2014-11-13,0.84,0.84,0.84,0.82
2014-11-16,0.88,0.84,0.91,0.84
2014-11-17,0.84,0.88,0.9,0.84
2014-11-18,0.87,0.85,0.87,0.85
2014-11-19,0.88,0.88,0.9,0.86
2014-11-20,0.93,0.89,0.94,0.89
2014-11-23,0.94,0.94,0.94,0.92
2014-11-24,0.87,0.93,0.94,0.87
2014-11-25,0.85,0.88,0.89,0.85
2014-11-26,0.82,0.85,0.85,0.8
2014-11-27,0.84,0.84,0.85,0.81
2014-11-30,0.78,0.82,0.82,0.76
2014-12-01,0.79,0.78,0.8,0.77
2014-12-04,0.84,0.81,0.85,0.81
2014-12-07,0.83,0.83,0.84,0.82
2014-12-08,0.81,0.82,0.83,0.79
2014-12-09,0.79,0.78,0.79,0.74
2014-12-10,0.79,0.77,0.8,0.77
2014-12-11,0.74,0.77,0.77,0.73
2014-12-14,0.67,0.73,0.73,0.67
2014-12-15,0.66,0.69,0.74,0.66
2014-12-16,0.6,0.66,0.66,0.6
2014-12-17,0.58,0.6,0.63,0.57
2014-12-18,0.66,0.63,0.66,0.61
2014-12-21,0.74,0.72,0.75,0.7
2014-12-22,0.76,0.72,0.78,0.72
2014-12-23,0.73,0.76,0.81,0.73
2014-12-24,0.81,0.75,0.83,0.73
2014-12-25,0.8,0.82,0.83,0.8
2014-12-28,0.82,0.81,0.85,0.8
2014-12-29,0.79,0.84,0.84,0.79
2014-12-30,0.72,0.77,0.77,0.72
2014-12-31,0.74,0.73,0.75,0.7
2015-01-04,0.72,0.72,0.73,0.71
2015-01-05,0.71,0.71,0.71,0.69
2015-01-06,0.67,0.65,0.69,0.65
2015-01-07,0.72,0.68,0.72,0.67
2015-01-08,0.72,0.74,0.75,0.72
2015-01-11,0.73,0.73,0.74,0.71
2015-01-12,0.73,0.73,0.74,0.71
2015-01-13,0.73,0.7,0.73,0.7
2015-01-14,0.74,0.73,0.74,0.72
2015-01-15,0.77,0.74,0.78,0.74
2015-01-18,0.78,0.79,0.8,0.77
2015-01-19,0.76,0.78,0.79,0.76
2015-01-20,0.76,0.75,0.76,0.74
2015-01-21,0.75,0.75,0.77,0.75
2015-01-22,0.76,0.76,0.76,0.76
2015-01-25,0.76,0.76,0.77,0.75
2015-01-26,0.74,0.74,0.75,0.71
2015-01-27,0.75,0.72,0.75,0.71
2015-01-28,0.75,0.74,0.77,0.73
2015-01-29,0.72,0.74,0.74,0.71
2015-02-01,0.76,0.73,0.77,0.73
2015-02-02,0.75,0.75,0.76,0.74
2015-02-03,0.8,0.77,0.8,0.76
2015-02-04,0.78,0.81,0.83,0.78
2015-02-08,0.8,0.81,0.82,0.79
2015-02-09,0.79,0.8,0.8,0.79
2015-02-10,0.78,0.79,0.79,0.78
2015-02-11,0.77,0.78,0.79,0.77
2015-02-12,0.78,0.78,0.78,0.77
2015-02-15,0.79,0.79,0.8,0.78
2015-02-16,0.77,0.79,0.79,0.76
2015-02-17,0.77,0.77,0.77,0.76
2015-02-18,0.77,0.77,0.78,0.76
2015-02-19,0.78,0.77,0.78,0.76
2015-02-22,0.76,0.77,0.78,0.76
2015-02-23,0.77,0.76,0.77,0.75
2015-02-24,0.75,0.75,0.77,0.75
2015-02-25,0.77,0.76,0.77,0.76
2015-02-26,0.77,0.78,0.78,0.76
2015-03-01,0.77,0.78,0.81,0.77
2015-03-02,0.74,0.77,0.77,0.74
2015-03-03,0.73,0.75,0.75,0.73
2015-03-04,0.74,0.73,0.74,0.73
2015-03-05,0.74,0.73,0.74,0.72
2015-03-08,0.74,0.74,0.75,0.73
2015-03-09,0.75,0.75,0.76,0.74
2015-03-10,0.77,0.75,0.78,0.75
2015-03-11,0.76,0.76,0.77,0.75
2015-03-15,0.73,0.75,0.75,0.73
2015-03-16,0.72,0.73,0.73,0.72
2015-03-17,0.74,0.73,0.74,0.72
2015-03-18,0.72,0.73,0.74,0.72
2015-03-22,0.73,0.74,0.74,0.71
2015-03-23,0.73,0.72,0.73,0.7
2015-03-24,0.72,0.72,0.74,0.72
2015-03-25,0.7,0.72,0.73,0.7
2015-03-26,0.65,0.64,0.65,0.63
2015-03-29,0.64,0.64,0.65,0.63
2015-03-30,0.63,0.65,0.65,0.63
2015-03-31,0.64,0.63,0.64,0.6
2015-04-01,0.63,0.62,0.63,0.62
2015-04-02,0.65,0.63,0.66,0.63
2015-04-05,0.67,0.65,0.68,0.65
2015-04-06,0.68,0.67,0.68,0.66
2015-04-07,0.72,0.68,0.73,0.66
2015-04-08,0.69,0.73,0.74,0.69
2015-04-09,0.69,0.69,0.7,0.68
2015-04-12,0.7,0.7,0.72,0.7
2015-04-13,0.71,0.71,0.72,0.7
2015-04-14,0.72,0.71,0.73,0.71
2015-04-15,0.74,0.72,0.74,0.72
2015-04-16,0.75,0.75,0.77,0.74
2015-04-19,0.73,0.75,0.75,0.73
2015-04-20,0.73,0.73,0.73,0.72
2015-04-21,0.73,0.73,0.76,0.73
2015-04-22,0.73,0.74,0.75,0.72
2015-04-23,0.72,0.72,0.74,0.72
2015-04-26,0.76,0.73,0.76,0.72
2015-04-27,0.75,0.77,0.8,0.75
2015-04-28,0.75,0.76,0.76,0.74
2015-04-29,0.77,0.75,0.77,0.75
2015-04-30,0.75,0.77,0.77,0.75
2015-05-03,0.71,0.74,0.74,0.71
2015-05-04,0.7,0.72,0.72,0.68
2015-05-05,0.7,0.7,0.7,0.69
2015-05-06,0.7,0.69,0.71,0.69
2015-05-07,0.68,0.71,0.71,0.68
2015-05-10,0.69,0.69,0.7,0.68
2015-05-11,0.68,0.68,0.69,0.68
2015-05-12,0.68,0.68,0.68,0.67
2015-05-13,0.68,0.67,0.7,0.66
2015-05-14,0.68,0.68,0.69,0.67
2015-05-17,0.69,0.68,0.69,0.67
2015-05-18,0.69,0.68,0.69,0.67
2015-05-19,0.69,0.69,0.7,0.69
2015-05-20,0.69,0.7,0.71,0.69
2015-05-21,0.68,0.69,0.69,0.68
2015-05-24,0.67,0.68,0.68,0.67
2015-05-25,0.67,0.67,0.67,0.66
2015-05-26,0.66,0.67,0.67,0.65
2015-05-27,0.65,0.66,0.67,0.65
2015-05-28,0.62,0.66,0.66,0.62
2015-05-31,0.63,0.64,0.65,0.63
2015-06-01,0.65,0.64,0.65,0.63
2015-06-02,0.66,0.64,0.66,0.63
2015-06-03,0.66,0.65,0.67,0.65
2015-06-04,0.69,0.66,0.71,0.66
2015-06-07,0.66,0.68,0.69,0.64
2015-06-08,0.68,0.65,0.68,0.64
2015-06-09,0.68,0.66,0.68,0.66
2015-06-10,0.68,0.68,0.7,0.67
2015-06-11,0.64,0.68,0.69,0.64
2015-06-14,0.66,0.65,0.67,0.65
2015-06-15,0.66,0.65,0.66,0.64
2015-06-16,0.65,0.65,0.65,0.65
2015-06-17,0.65,0.65,0.66,0.65
2015-06-18,0.66,0.65,0.66,0.64
2015-06-21,0.65,0.65,0.66,0.64
2015-06-22,0.65,0.66,0.66,0.64
2015-06-23,0.66,0.65,0.67,0.65
2015-06-24,0.66,0.65,0.66,0.65
2015-06-25,0.66,0.66,0.66,0.65
2015-06-28,0.65,0.65,0.67,0.65
2015-06-29,0.65,0.65,0.65,0.64
2015-06-30,0.65,0.64,0.65,0.63
2015-07-01,0.65,0.64,0.65,0.63
2015-07-02,0.64,0.64,0.65,0.64
2015-07-05,0.67,0.64,0.69,0.64
2015-07-06,0.67,0.65,0.67,0.65
2015-07-07,0.65,0.66,0.66,0.65
2015-07-08,0.63,0.65,0.65,0.63
2015-07-09,0.65,0.64,0.65,0.63
2015-07-12,0.66,0.65,0.68,0.65
2015-07-13,0.66,0.66,0.67,0.66
2015-07-15,0.65,0.64,0.65,0.64
2015-07-20,0.66,0.65,0.66,0.65
2015-07-21,0.65,0.66,0.67,0.65
2015-07-22,0.65,0.65,0.66,0.64
2015-07-23,0.65,0.66,0.66,0.65
2015-07-26,0.65,0.65,0.65,0.64
2015-07-27,0.64,0.64,0.65,0.64
2015-07-28,0.64,0.64,0.64,0.63
2015-07-29,0.64,0.64,0.65,0.64
2015-07-30,0.66,0.65,0.68,0.64
2015-08-02,0.64,0.66,0.67,0.64
2015-08-03,0.66,0.65,0.66,0.64
2015-08-04,0.65,0.64,0.65,0.64
2015-08-05,0.65,0.65,0.66,0.64
2015-08-06,0.65,0.65,0.65,0.64
2015-08-09,0.64,0.64,0.65,0.63
2015-08-10,0.64,0.64,0.65,0.64
2015-08-11,0.64,0.64,0.65,0.64
2015-08-12,0.63,0.64,0.64,0.63
2015-08-13,0.64,0.64,0.64,0.63
2015-08-16,0.63,0.63,0.63,0.62
2015-08-17,0.62,0.63,0.63,0.61
2015-08-18,0.61,0.62,0.62,0.6
2015-08-19,0.61,0.6,0.61,0.6
2015-08-20,0.58,0.6,0.6,0.57
2015-08-23,0.53,0.55,0.55,0.53
2015-08-24,0.51,0.51,0.53,0.49
2015-08-25,0.57,0.49,0.57,0.49
2015-08-26,0.56,0.57,0.57,0.53
2015-08-27,0.57,0.56,0.58,0.56
2015-08-30,0.57,0.57,0.59,0.57
2015-08-31,0.56,0.56,0.56,0.55
2015-09-01,0.55,0.55,0.56,0.55
2015-09-02,0.54,0.55,0.56,0.53
2015-09-03,0.55,0.54,0.55,0.54
2015-09-06,0.55,0.54,0.55,0.53
2015-09-07,0.55,0.55,0.55,0.54
2015-09-08,0.56,0.54,0.56,0.54
2015-09-09,0.56,0.56,0.57,0.55
2015-09-10,0.56,0.55,0.56,0.54
2015-09-13,0.54,0.56,0.56,0.54
2015-09-14,0.54,0.55,0.55,0.54
2015-09-15,0.54,0.54,0.55,0.54
2015-09-16,0.56,0.55,0.58,0.55
2015-09-17,0.56,0.56,0.58,0.54
2015-09-20,0.59,0.56,0.6,0.56
2015-09-21,0.62,0.6,0.63,0.59
2015-09-22,0.63,0.63,0.65,0.61
2015-09-27,0.64,0.63,0.65,0.63
2015-09-28,0.62,0.64,0.66,0.61
2015-09-29,0.62,0.6,0.62,0.6
2015-09-30,0.61,0.63,0.63,0.61
2015-10-01,0.63,0.63,0.63,0.61
2015-10-04,0.62,0.62,0.64,0.61
2015-10-05,0.62,0.62,0.62,0.61
2015-10-06,0.61,0.62,0.62,0.61
2015-10-07,0.61,0.62,0.63,0.61
2015-10-08,0.62,0.61,0.62,0.61
2015-10-11,0.61,0.62,0.62,0.61
2015-10-12,0.61,0.61,0.62,0.61
2015-10-13,0.62,0.61,0.62,0.6
2015-10-14,0.61,0.61,0.62,0.61
2015-10-18,0.61,0.62,0.62,0.61
2015-10-19,0.6,0.61,0.62,0.6
2015-10-20,0.61,0.6,0.62,0.6
2015-10-21,0.6,0.61,0.61,0.6
2015-10-22,0.59,0.6,0.6,0.59
2015-10-25,0.59,0.6,0.6,0.59
2015-10-26,0.59,0.59,0.59,0.58
2015-10-27,0.57,0.58,0.58,0.57
2015-10-28,0.57,0.58,0.58,0.57
2015-10-29,0.58,0.58,0.58,0.58
2015-11-01,0.55,0.58,0.58,0.55
2015-11-02,0.56,0.55,0.57,0.54
2015-11-03,0.57,0.57,0.57,0.55
2015-11-04,0.54,0.57,0.57,0.54
2015-11-05,0.55,0.54,0.55,0.54
2015-11-08,0.52,0.55,0.55,0.5
2015-11-09,0.53,0.52,0.54,0.52
2015-11-10,0.51,0.52,0.52,0.5
2015-11-11,0.5,0.5,0.52,0.49
2015-11-12,0.5,0.51,0.51,0.49
2015-11-15,0.46,0.49,0.49,0.45
2015-11-16,0.48,0.48,0.48,0.46
2015-11-17,0.49,0.48,0.5,0.48
2015-11-18,0.48,0.48,0.48,0.47
2015-11-19,0.49,0.49,0.51,0.49
2015-11-22,0.51,0.5,0.52,0.5
2015-11-23,0.5,0.5,0.51,0.5
2015-11-24,0.49,0.5,0.51,0.49
2015-11-25,0.49,0.5,0.5,0.48
2015-11-26,0.49,0.49,0.49,0.48
2015-11-29,0.5,0.49,0.52,0.49
2015-11-30,0.49,0.5,0.51,0.49
2015-12-06,0.49,0.5,0.5,0.49
2015-12-07,0.49,0.49,0.5,0.48
2015-12-08,0.47,0.48,0.48,0.47
2015-12-09,0.46,0.48,0.48,0.46
2015-12-10,0.47,0.47,0.47,0.46
2015-12-13,0.46,0.46,0.47,0.45
2015-12-14,0.48,0.46,0.48,0.45
2015-12-15,0.46,0.47,0.48,0.46
2015-12-16,0.47,0.46,0.48,0.46
2015-12-17,0.49,0.48,0.49,0.47
2015-12-20,0.5,0.47,0.5,0.47
2015-12-21,0.55,0.5,0.55,0.5
2015-12-22,0.54,0.55,0.55,0.54
2015-12-23,0.53,0.54,0.54,0.53
2015-12-27,0.53,0.54,0.54,0.53
2015-12-28,0.53,0.53,0.53,0.52
2015-12-29,0.54,0.52,0.54,0.52
2015-12-30,0.54,0.54,0.54,0.53
2015-12-31,0.55,0.53,0.55,0.53
2016-01-03,0.55,0.54,0.55,0.53
2016-01-04,0.55,0.55,0.56,0.54
2016-01-05,0.54,0.55,0.55,0.54
2016-01-06,0.55,0.54,0.55,0.54
2016-01-07,0.52,0.53,0.54,0.52
2016-01-10,0.54,0.52,0.55,0.52
2016-01-11,0.52,0.53,0.53,0.52
2016-01-12,0.51,0.52,0.52,0.49
2016-01-13,0.51,0.51,0.52,0.51
2016-01-14,0.49,0.5,0.5,0.49
2016-01-17,0.45,0.48,0.48,0.45
2016-01-18,0.44,0.45,0.46,0.42
2016-01-19,0.46,0.45,0.46,0.44
2016-01-20,0.43,0.45,0.45,0.42
2016-01-21,0.44,0.43,0.44,0.42
2016-01-24,0.46,0.47,0.47,0.45
2016-01-25,0.45,0.45,0.45,0.44
2016-01-26,0.44,0.43,0.45,0.43
2016-01-27,0.44,0.44,0.44,0.44
2016-01-28,0.47,0.45,0.47,0.45
2016-01-31,0.48,0.47,0.49,0.47
2016-02-01,0.48,0.48,0.48,0.46
2016-02-02,0.48,0.47,0.51,0.47
2016-02-03,0.48,0.47,0.48,0.47
2016-02-04,0.49,0.49,0.49,0.48
2016-02-07,0.48,0.48,0.49,0.47
2016-02-08,0.49,0.48,0.49,0.48
2016-02-09,0.49,0.48,0.49,0.48
2016-02-10,0.56,0.5,0.56,0.5
2016-02-11,0.54,0.57,0.57,0.52
2016-02-14,0.57,0.56,0.58,0.56
2016-02-15,0.56,0.56,0.56,0.55
2016-02-16,0.56,0.56,0.58,0.56
2016-02-17,0.56,0.56,0.57,0.56
2016-02-18,0.57,0.57,0.58,0.56
2016-02-21,0.59,0.58,0.6,0.58
2016-02-22,0.62,0.59,0.62,0.59
2016-02-23,0.62,0.62,0.62,0.61
2016-02-24,0.64,0.61,0.66,0.6
2016-02-25,0.62,0.64,0.64,0.62
2016-02-28,0.63,0.63,0.64,0.63
2016-02-29,0.61,0.63,0.63,0.6
2016-03-01,0.62,0.61,0.62,0.6
2016-03-02,0.61,0.62,0.65,0.6
2016-03-03,0.61,0.62,0.63,0.6
2016-03-06,0.63,0.63,0.63,0.62
2016-03-07,0.64,0.63,0.65,0.62
2016-03-08,0.65,0.65,0.65,0.63
2016-03-09,0.63,0.64,0.64,0.63
2016-03-10,0.65,0.64,0.65,0.63
2016-03-13,0.65,0.65,0.65,0.64
2016-03-14,0.64,0.64,0.65,0.63
2016-03-15,0.63,0.65,0.65,0.63
2016-03-16,0.64,0.63,0.64,0.62
2016-03-17,0.65,0.64,0.65,0.64
2016-03-20,0.65,0.65,0.65,0.64
2016-03-21,0.64,0.65,0.65,0.63
2016-03-22,0.63,0.63,0.64,0.62
2016-03-23,0.63,0.62,0.63,0.61
2016-03-24,0.62,0.63,0.63,0.62
2016-03-27,0.63,0.63,0.63,0.61
2016-03-28,0.57,0.57,0.57,0.57
2016-03-29,0.56,0.55,0.56,0.55
2016-03-30,0.57,0.57,0.57,0.55
2016-03-31,0.57,0.56,0.57,0.56
2016-04-03,0.56,0.56,0.56,0.55
2016-04-04,0.57,0.56,0.57,0.55
2016-04-05,0.57,0.56,0.57,0.55
2016-04-06,0.57,0.57,0.57,0.56
2016-04-07,0.57,0.57,0.57,0.56
2016-04-10,0.59,0.56,0.6,0.56
2016-04-11,0.58,0.58,0.59,0.58
2016-04-12,0.58,0.57,0.59,0.57
2016-04-13,0.58,0.58,0.58,0.57
2016-04-14,0.58,0.57,0.58,0.56
2016-04-17,0.57,0.57,0.58,0.57
2016-04-18,0.57,0.56,0.57,0.56
2016-04-19,0.58,0.57,0.58,0.56
2016-04-20,0.56,0.58,0.58,0.56
2016-04-21,0.58,0.57,0.58,0.57
2016-04-24,0.57,0.57,0.57,0.56
2016-04-25,0.56,0.57,0.57,0.56
2016-04-26,0.56,0.56,0.56,0.55
2016-04-27,0.56,0.56,0.56,0.55
2016-04-28,0.56,0.56,0.56,0.55
2016-05-01,0.56,0.55,0.57,0.55
2016-05-02,0.54,0.56,0.56,0.54
2016-05-03,0.54,0.54,0.55,0.53
2016-05-04,0.54,0.53,0.54,0.53
2016-05-08,0.52,0.53,0.54,0.52
2016-05-09,0.54,0.53,0.54,0.53
2016-05-10,0.6,0.53,0.61,0.53
2016-05-11,0.62,0.61,0.62,0.6
2016-05-12,0.64,0.62,0.64,0.61
2016-05-15,0.62,0.64,0.65,0.61
2016-05-16,0.6,0.61,0.62,0.6
2016-05-17,0.61,0.62,0.62,0.6
2016-05-18,0.59,0.6,0.6,0.59
2016-05-19,0.58,0.59,0.59,0.57
2016-05-22,0.58,0.59,0.59,0.57
2016-05-23,0.58,0.58,0.6,0.58
2016-05-24,0.58,0.58,0.59,0.58
2016-05-25,0.6,0.59,0.6,0.59
2016-05-26,0.59,0.6,0.61,0.58
2016-05-29,0.58,0.59,0.59,0.58
2016-05-30,0.58,0.59,0.59,0.58
2016-05-31,0.58,0.59,0.59,0.58
2016-06-01,0.61,0.59,0.62,0.59
2016-06-02,0.61,0.6,0.61,0.6
2016-06-05,0.59,0.61,0.61,0.59
2016-06-06,0.6,0.6,0.6,0.58
2016-06-07,0.6,0.59,0.6,0.59
2016-06-08,0.62,0.61,0.62,0.6
2016-06-09,0.61,0.62,0.63,0.61
2016-06-12,0.61,0.62,0.62,0.61
2016-06-13,0.6,0.6,0.61,0.6
2016-06-14,0.61,0.6,0.61,0.6
2016-06-15,0.61,0.61,0.61,0.6
2016-06-16,0.61,0.6,0.61,0.6
2016-06-19,0.61,0.6,0.61,0.59
2016-06-20,0.6,0.6,0.6,0.59
2016-06-21,0.61,0.6,0.61,0.59
2016-06-22,0.6,0.6,0.61,0.6
2016-06-23,0.59,0.6,0.6,0.59
2016-06-26,0.58,0.57,0.58,0.55
2016-06-27,0.59,0.58,0.6,0.58
2016-06-28,0.57,0.59,0.59,0.57
2016-06-29,0.59,0.58,0.59,0.58
2016-06-30,0.6,0.59,0.6,0.58
2016-07-03,0.6,0.59,0.6,0.59
2016-07-04,0.59,0.59,0.59,0.59
2016-07-10,0.59,0.59,0.59,0.59
2016-07-11,0.59,0.59,0.59,0.58
2016-07-12,0.59,0.59,0.6,0.58
2016-07-13,0.6,0.59,0.6,0.58
2016-07-14,0.6,0.59,0.6,0.58
2016-07-17,0.59,0.59,0.6,0.59
2016-07-18,0.59,0.59,0.6,0.59
2016-07-19,0.61,0.59,0.61,0.59
2016-07-20,0.6,0.61,0.62,0.6
2016-07-21,0.6,0.6,0.6,0.6
2016-07-24,0.59,0.6,0.6,0.59
2016-07-25,0.6,0.59,0.6,0.59
2016-07-26,0.59,0.59,0.59,0.59
2016-07-27,0.6,0.59,0.6,0.58
2016-07-28,0.6,0.59,0.6,0.59
2016-07-31,0.59,0.59,0.6,0.59
2016-08-01,0.6,0.6,0.61,0.59
2016-08-02,0.6,0.6,0.6,0.59
2016-08-03,0.6,0.6,0.6,0.59
2016-08-07,0.61,0.6,0.61,0.6
2016-08-08,0.61,0.6,0.62,0.6
2016-08-09,0.61,0.61,0.61,0.6
2016-08-10,0.61,0.6,0.61,0.59
2016-08-11,0.6,0.6,0.6,0.59
2016-08-14,0.6,0.6,0.6,0.59
2016-08-15,0.6,0.6,0.61,0.6
2016-08-16,0.6,0.6,0.61,0.59
2016-08-17,0.61,0.6,0.61,0.59
2016-08-18,0.6,0.6,0.61,0.6
2016-08-21,0.61,0.6,0.62,0.6
2016-08-22,0.6,0.61,0.61,0.6
2016-08-23,0.6,0.6,0.61,0.6
2016-08-24,0.59,0.6,0.6,0.59
2016-08-25,0.6,0.59,0.6,0.59
2016-08-28,0.6,0.6,0.6,0.59
2016-08-29,0.6,0.6,0.61,0.59
2016-08-30,0.6,0.59,0.6,0.59
2016-08-31,0.61,0.6,0.61,0.6
2016-09-01,0.61,0.6,0.61,0.59
2016-09-04,0.6,0.6,0.61,0.6
2016-09-05,0.61,0.6,0.61,0.6
2016-09-06,0.6,0.61,0.61,0.6
2016-09-07,0.61,0.6,0.61,0.6
2016-09-08,0.6,0.6,0.6,0.59
2016-09-15,0.59,0.59,0.6,0.59
2016-09-18,0.59,0.59,0.59,0.58
2016-09-19,0.59,0.59,0.59,0.59
2016-09-20,0.59,0.59,0.59,0.58
2016-09-21,0.6,0.59,0.6,0.59
2016-09-22,0.61,0.6,0.61,0.59
2016-09-25,0.6,0.6,0.6,0.59
2016-09-26,0.59,0.59,0.59,0.58
2016-09-27,0.58,0.59,0.6,0.58
2016-09-28,0.59,0.58,0.59,0.58
2016-09-29,0.6,0.59,0.6,0.59
2016-10-03,0.58,0.59,0.6,0.58
2016-10-04,0.58,0.58,0.6,0.58
2016-10-05,0.59,0.59,0.6,0.58
2016-10-06,0.6,0.59,0.6,0.59
2016-10-09,0.59,0.6,0.6,0.59
2016-10-10,0.59,0.59,0.6,0.59
2016-10-11,0.6,0.6,0.6,0.59
2016-10-12,0.6,0.6,0.6,0.59
2016-10-13,0.6,0.59,0.6,0.59
2016-10-16,0.59,0.59,0.59,0.59
2016-10-17,0.59,0.59,0.59,0.58
2016-10-18,0.59,0.59,0.59,0.58
2016-10-19,0.6,0.59,0.6,0.58
2016-10-20,0.6,0.6,0.61,0.59
2016-10-23,0.59,0.6,0.61,0.59
2016-10-24,0.61,0.59,0.62,0.59
2016-10-25,0.61,0.61,0.62,0.6
2016-10-26,0.63,0.61,0.63,0.61
2016-10-27,0.63,0.63,0.63,0.62
2016-10-30,0.63,0.63,0.63,0.62
2016-10-31,0.62,0.63,0.63,0.62
2016-11-01,0.62,0.62,0.62,0.62
2016-11-02,0.62,0.61,0.63,0.61
2016-11-06,0.63,0.62,0.63,0.62
2016-11-07,0.64,0.63,0.64,0.63
2016-11-08,0.66,0.64,0.68,0.64
2016-11-09,0.65,0.63,0.65,0.63
2016-11-10,0.67,0.66,0.68,0.66
2016-11-13,0.66,0.67,0.68,0.66
2016-11-14,0.64,0.65,0.66,0.64
2016-11-15,0.65,0.64,0.65,0.64
2016-11-16,0.65,0.65,0.67,0.65
2016-11-17,0.65,0.65,0.66,0.65
2016-11-20,0.64,0.65,0.66,0.64
2016-11-21,0.67,0.65,0.67,0.65
2016-11-22,0.66,0.67,0.67,0.65
2016-11-23,0.68,0.66,0.68,0.65
2016-11-24,0.68,0.69,0.7,0.68
2016-11-27,0.67,0.68,0.68,0.66
2016-11-28,0.66,0.67,0.67,0.65
2016-11-29,0.67,0.66,0.67,0.66
2016-11-30,0.67,0.66,0.67,0.65
2016-12-04,0.66,0.67,0.68,0.66
2016-12-05,0.66,0.66,0.67,0.66
2016-12-06,0.67,0.66,0.67,0.66
2016-12-07,0.66,0.67,0.67,0.66
2016-12-08,0.69,0.67,0.69,0.66
2016-12-12,0.7,0.68,0.7,0.68
2016-12-13,0.69,0.7,0.71,0.68
2016-12-14,0.68,0.7,0.7,0.68
2016-12-15,0.69,0.68,0.69,0.68
2016-12-18,0.69,0.68,0.69,0.68
2016-12-19,0.69,0.68,0.69,0.68
2016-12-20,0.67,0.69,0.69,0.67
2016-12-21,0.67,0.68,0.68,0.67
2016-12-22,0.66,0.67,0.68,0.66
2016-12-25,0.67,0.68,0.68,0.66
2016-12-26,0.67,0.67,0.67,0.66
2016-12-27,0.67,0.67,0.67,0.66
2016-12-28,0.66,0.67,0.67,0.66
2016-12-29,0.66,0.66,0.66,0.65
2017-01-02,0.66,0.66,0.66,0.65
2017-01-03,0.67,0.66,0.67,0.65
2017-01-04,0.65,0.66,0.67,0.65
2017-01-05,0.66,0.66,0.66,0.65
2017-01-08,0.68,0.67,0.68,0.65
2017-01-09,0.69,0.68,0.69,0.67
2017-01-10,0.69,0.69,0.7,0.67
2017-01-11,0.74,0.68,0.75,0.68
2017-01-12,0.76,0.76,0.8,0.75
2017-01-15,0.74,0.77,0.78,0.74
2017-01-16,0.74,0.74,0.74,0.72
2017-01-17,0.75,0.73,0.76,0.72
2017-01-18,0.75,0.76,0.77,0.73
2017-01-19,0.79,0.75,0.85,0.73
2017-01-22,0.85,0.81,0.85,0.8
2017-01-23,0.8,0.86,0.87,0.79
2017-01-24,0.81,0.8,0.82,0.79
2017-01-25,0.77,0.81,0.82,0.77
2017-01-26,0.8,0.78,0.8,0.78
2017-01-29,0.79,0.8,0.82,0.78
2017-01-30,0.79,0.79,0.8,0.78
2017-01-31,0.79,0.78,0.79,0.77
2017-02-01,0.78,0.78,0.79,0.77
2017-02-02,0.78,0.78,0.78,0.77
2017-02-05,0.79,0.79,0.8,0.78
2017-02-06,0.79,0.79,0.79,0.77
2017-02-07,0.79,0.78,0.79,0.77
2017-02-08,0.79,0.78,0.8,0.78
2017-02-09,0.77,0.79,0.79,0.76
2017-02-12,0.78,0.78,0.8,0.77
2017-02-13,0.76,0.76,0.77,0.74
2017-02-14,0.78,0.74,0.78,0.74
2017-02-15,0.76,0.78,0.78,0.76
2017-02-16,0.76,0.76,0.77,0.75
2017-02-19,0.76,0.77,0.77,0.75
2017-02-20,0.75,0.76,0.76,0.74
2017-02-21,0.74,0.75,0.76,0.74
2017-02-22,0.76,0.74,0.76,0.74
2017-02-23,0.76,0.76,0.77,0.75
2017-02-26,0.75,0.76,0.77,0.75
2017-02-27,0.77,0.76,0.77,0.75
2017-02-28,0.77,0.77,0.79,0.77
2017-03-01,0.76,0.77,0.78,0.76
2017-03-02,0.77,0.77,0.78,0.76
2017-03-05,0.75,0.77,0.77,0.75
2017-03-06,0.76,0.76,0.76,0.75
2017-03-07,0.75,0.76,0.76,0.74
2017-03-08,0.74,0.74,0.76,0.74
2017-03-09,0.73,0.73,0.74,0.72
2017-03-12,0.73,0.73,0.74,0.72
2017-03-13,0.72,0.72,0.73,0.71
2017-03-14,0.73,0.72,0.73,0.71
2017-03-15,0.71,0.72,0.73,0.71
2017-03-16,0.72,0.72,0.73,0.7
2017-03-19,0.72,0.72,0.72,0.71
2017-03-20,0.73,0.71,0.73,0.71
2017-03-21,0.73,0.72,0.74,0.72
2017-03-22,0.72,0.72,0.72,0.71
2017-03-23,0.72,0.72,0.72,0.71
2017-03-26,0.71,0.72,0.73,0.7
2017-03-27,0.64,0.65,0.66,0.64
2017-03-28,0.63,0.63,0.64,0.62
2017-03-29,0.63,0.63,0.64,0.63
2017-03-30,0.63,0.62,0.63,0.62
2017-04-02,0.64,0.63,0.64,0.63
2017-04-03,0.64,0.64,0.64,0.63
2017-04-04,0.66,0.64,0.66,0.64
2017-04-05,0.66,0.65,0.66,0.64
2017-04-06,0.65,0.65,0.65,0.64
2017-04-09,0.65,0.64,0.65,0.64
2017-04-10,0.63,0.64,0.64,0.63
2017-04-11,0.62,0.63,0.63,0.61
2017-04-12,0.62,0.62,0.63,0.61
2017-04-13,0.61,0.61,0.62,0.6
2017-04-16,0.6,0.6,0.61,0.59
2017-04-17,0.6,0.6,0.6,0.59
2017-04-18,0.6,0.6,0.61,0.58
2017-04-19,0.6,0.59,0.6,0.58
2017-04-20,0.6,0.59,0.6,0.58
2017-04-24,0.59,0.59,0.6,0.58
2017-04-25,0.59,0.59,0.6,0.59
2017-04-26,0.61,0.59,0.61,0.59
2017-04-27,0.61,0.6,0.61,0.6
2017-04-30,0.62,0.61,0.62,0.6
2017-05-01,0.61,0.61,0.61,0.6
2017-05-02,0.62,0.61,0.62,0.6
2017-05-03,0.6,0.61,0.61,0.6
2017-05-04,0.61,0.61,0.61,0.6
2017-05-07,0.6,0.61,0.61,0.59
2017-05-08,0.59,0.6,0.6,0.59
2017-05-09,0.61,0.6,0.61,0.6
2017-05-10,0.6,0.6,0.6,0.59
2017-05-11,0.6,0.6,0.61,0.6
2017-05-14,0.6,0.6,0.61,0.6
2017-05-15,0.59,0.6,0.61,0.59
2017-05-16,0.59,0.59,0.6,0.59
2017-05-17,0.59,0.59,0.59,0.58
2017-05-18,0.59,0.59,0.6,0.58
2017-05-21,0.59,0.59,0.6,0.58
2017-05-22,0.58,0.59,0.6,0.58
2017-05-23,0.58,0.59,0.6,0.58
2017-05-24,0.6,0.59,0.6,0.58
2017-05-25,0.58,0.58,0.59,0.57
2017-05-28,0.56,0.58,0.58,0.56
2017-05-29,0.58,0.56,0.58,0.56
2017-05-30,0.58,0.57,0.58,0.57
2017-05-31,0.59,0.58,0.59,0.58
2017-06-01,0.6,0.59,0.6,0.59
2017-06-04,0.59,0.59,0.59,0.59
2017-06-05,0.59,0.58,0.59,0.58
2017-06-06,0.58,0.59,0.59,0.58
2017-06-07,0.61,0.59,0.62,0.58
2017-06-08,0.6,0.6,0.6,0.6
2017-06-11,0.62,0.6,0.62,0.6
2017-06-12,0.64,0.62,0.64,0.62
2017-06-13,0.68,0.63,0.7,0.63
2017-06-14,0.66,0.68,0.7,0.66
2017-06-15,0.67,0.67,0.69,0.66
2017-06-18,0.67,0.68,0.69,0.67
2017-06-19,0.67,0.67,0.67,0.67
2017-06-20,0.67,0.67,0.67,0.66
2017-06-21,0.65,0.67,0.68,0.65
2017-06-22,0.64,0.64,0.64,0.62
2017-06-28,0.63,0.64,0.64,0.63
2017-06-29,0.64,0.64,0.65,0.63
2017-07-02,0.64,0.64,0.64,0.63
2017-07-03,0.63,0.63,0.65,0.63
2017-07-04,0.64,0.64,0.65,0.63
2017-07-05,0.64,0.64,0.64,0.63
2017-07-06,0.64,0.63,0.64,0.63
2017-07-09,0.64,0.63,0.64,0.62
2017-07-10,0.65,0.64,0.65,0.63
2017-07-11,0.64,0.65,0.66,0.64
2017-07-12,0.65,0.65,0.66,0.65
2017-07-13,0.66,0.66,0.66,0.65
2017-07-16,0.66,0.66,0.67,0.65
2017-07-17,0.66,0.65,0.67,0.65
2017-07-18,0.67,0.67,0.68,0.66
2017-07-19,0.66,0.67,0.68,0.66
2017-07-20,0.67,0.67,0.67,0.66
2017-07-23,0.68,0.67,0.68,0.67
2017-07-24,0.67,0.68,0.68,0.67
2017-07-25,0.68,0.67,0.68,0.66
2017-07-27,0.67,0.68,0.7,0.67
2017-07-30,0.67,0.68,0.68,0.66
2017-07-31,0.68,0.67,0.69,0.67
2017-08-01,0.69,0.69,0.69,0.68
2017-08-02,0.68,0.68,0.69,0.68
2017-08-03,0.7,0.69,0.71,0.69
2017-08-06,0.71,0.7,0.71,0.69
2017-08-07,0.7,0.7,0.7,0.69
2017-08-08,0.7,0.69,0.7,0.68
2017-08-09,0.72,0.7,0.72,0.7
2017-08-10,0.72,0.71,0.72,0.7
2017-08-13,0.7,0.71,0.71,0.7
2017-08-14,0.68,0.7,0.7,0.68
2017-08-15,0.68,0.67,0.69,0.67
2017-08-16,0.68,0.68,0.69,0.68
2017-08-17,0.68,0.68,0.69,0.68
2017-08-20,0.68,0.68,0.69,0.67
2017-08-21,0.68,0.68,0.69,0.67
2017-08-22,0.69,0.68,0.69,0.68
2017-08-23,0.69,0.68,0.69,0.68
2017-08-24,0.69,0.68,0.69,0.68
2017-08-27,0.68,0.68,0.69,0.68
2017-08-28,0.68,0.68,0.68,0.67
2017-08-29,0.68,0.67,0.68,0.67
2017-08-30,0.67,0.67,0.68,0.67
2017-09-04,0.7,0.68,0.71,0.68
2017-09-05,0.69,0.7,0.7,0.69
2017-09-06,0.69,0.69,0.7,0.69
2017-09-07,0.7,0.69,0.71,0.68
2017-09-10,0.69,0.7,0.7,0.69
2017-09-11,0.7,0.69,0.71,0.69
2017-09-12,0.72,0.71,0.74,0.71
2017-09-13,0.73,0.72,0.73,0.72
2017-09-14,0.72,0.72,0.73,0.72
2017-09-17,0.7,0.72,0.72,0.7
2017-09-18,0.71,0.71,0.73,0.71
2017-09-19,0.71,0.71,0.72,0.71
2017-09-20,0.72,0.72,0.72,0.71
2017-09-24,0.71,0.71,0.71,0.7
2017-09-25,0.69,0.71,0.71,0.69
2017-09-26,0.69,0.69,0.7,0.69
2017-09-27,0.69,0.69,0.7,0.69
2017-09-28,0.69,0.69,0.7,0.69
2017-10-01,0.69,0.69,0.7,0.68
2017-10-02,0.7,0.69,0.7,0.69
2017-10-03,0.7,0.7,0.7,0.68
2017-10-04,0.7,0.7,0.7,0.69
2017-10-05,0.7,0.69,0.71,0.69
2017-10-08,0.71,0.7,0.71,0.69
2017-10-09,0.72,0.71,0.75,0.71
2017-10-10,0.73,0.73,0.74,0.72
2017-10-11,0.72,0.73,0.74,0.72
2017-10-12,0.73,0.72,0.73,0.72
2017-10-15,0.73,0.73,0.73,0.72
2017-10-16,0.72,0.73,0.73,0.72
2017-10-17,0.72,0.73,0.74,0.72
2017-10-18,0.72,0.72,0.73,0.72
2017-10-19,0.72,0.72,0.73,0.71
2017-10-22,0.72,0.73,0.73,0.72
2017-10-23,0.72,0.72,0.72,0.71
2017-10-24,0.72,0.71,0.72,0.71
2017-10-25,0.72,0.72,0.72,0.71
2017-10-26,0.72,0.72,0.72,0.71
2017-10-29,0.72,0.72,0.72,0.72
2017-10-30,0.72,0.72,0.72,0.71
2017-10-31,0.71,0.71,0.72,0.71
2017-11-01,0.71,0.71,0.72,0.71
2017-11-02,0.71,0.71,0.72,0.71
2017-11-05,0.71,0.71,0.71,0.7
2017-11-06,0.71,0.71,0.71,0.7
2017-11-07,0.71,0.71,0.71,0.7
2017-11-08,0.7,0.71,0.71,0.7
2017-11-09,0.7,0.7,0.7,0.69
2017-11-12,0.69,0.69,0.69,0.68
2017-11-13,0.7,0.69,0.7,0.68
2017-11-14,0.69,0.69,0.69,0.68
2017-11-15,0.69,0.69,0.7,0.69
2017-11-16,0.69,0.69,0.7,0.69
2017-11-19,0.68,0.69,0.69,0.68
2017-11-20,0.69,0.69,0.69,0.69
2017-11-21,0.7,0.69,0.7,0.69
2017-11-22,0.69,0.7,0.7,0.69
2017-11-23,0.69,0.69,0.7,0.69
2017-11-26,0.7,0.69,0.7,0.69
2017-11-27,0.68,0.7,0.7,0.68
2017-11-28,0.68,0.68,0.69,0.68
2017-11-29,0.68,0.69,0.69,0.68
2017-12-04,0.7,0.68,0.7,0.68
2017-12-05,0.68,0.69,0.69,0.68
2017-12-06,0.68,0.68,0.68,0.68
2017-12-07,0.68,0.69,0.69,0.68
2017-12-10,0.69,0.69,0.7,0.69
2017-12-11,0.7,0.7,0.71,0.69
2017-12-12,0.7,0.71,0.71,0.7
2017-12-13,0.73,0.71,0.73,0.7
2017-12-14,0.72,0.73,0.73,0.72
2017-12-17,0.72,0.72,0.73,0.71
2017-12-18,0.72,0.71,0.72,0.71
2017-12-19,0.72,0.72,0.72,0.71
2017-12-20,0.71,0.71,0.71,0.7
2017-12-21,0.7,0.71,0.71,0.7
2017-12-24,0.7,0.71,0.71,0.7
2017-12-25,0.72,0.71,0.73,0.7
2017-12-26,0.71,0.71,0.72,0.71
2017-12-27,0.71,0.71,0.72,0.71
2017-12-28,0.71,0.71,0.72,0.71
2018-01-02,0.72,0.71,0.74,0.71
2018-01-03,0.73,0.73,0.73,0.73
2018-01-04,0.77,0.73,0.78,0.73
2018-01-07,0.8,0.77,0.82,0.77
2018-01-08,0.79,0.8,0.81,0.79
2018-01-09,0.81,0.8,0.81,0.79
2018-01-10,0.8,0.82,0.82,0.79
2018-01-11,0.82,0.79,0.82,0.79
2018-01-14,0.83,0.82,0.83,0.82
2018-01-15,0.82,0.83,0.84,0.82
2018-01-16,0.84,0.82,0.84,0.82
2018-01-17,0.83,0.83,0.84,0.83
2018-01-18,0.83,0.82,0.83,0.82
2018-01-21,0.82,0.83,0.83,0.82
2018-01-22,0.81,0.82,0.82,0.81
2018-01-23,0.81,0.81,0.82,0.8
2018-01-24,0.82,0.81,0.82,0.81
2018-01-25,0.78,0.81,0.81,0.78
2018-01-28,0.79,0.78,0.79,0.77
2018-01-29,0.78,0.78,0.78,0.77
2018-01-30,0.78,0.77,0.78,0.76
2018-01-31,0.77,0.77,0.78,0.76
2018-02-01,0.77,0.77,0.78,0.77
2018-02-04,0.78,0.77,0.78,0.76
2018-02-05,0.77,0.77,0.78,0.77
2018-02-06,0.78,0.77,0.78,0.75
2018-02-07,0.78,0.78,0.79,0.78
2018-02-08,0.77,0.78,0.78,0.77
2018-02-11,0.78,0.77,0.79,0.77
2018-02-12,0.81,0.78,0.82,0.78
2018-02-13,0.8,0.82,0.82,0.8
2018-02-14,0.8,0.8,0.81,0.8
2018-02-18,0.79,0.8,0.8,0.79
2018-02-19,0.79,0.79,0.79,0.78
2018-02-20,0.78,0.78,0.78,0.77
2018-02-21,0.78,0.77,0.78,0.77
2018-02-22,0.78,0.78,0.79,0.78
2018-02-25,0.79,0.78,0.8,0.78
2018-02-26,0.81,0.79,0.81,0.79
2018-02-27,0.81,0.8,0.81,0.8
2018-02-28,0.82,0.8,0.82,0.8
2018-03-01,0.84,0.82,0.84,0.81
2018-03-04,0.83,0.84,0.84,0.82
2018-03-05,0.84,0.82,0.84,0.82
2018-03-06,0.83,0.83,0.84,0.83
2018-03-07,0.82,0.82,0.82,0.82
2018-03-08,0.82,0.82,0.82,0.81
2018-03-11,0.81,0.81,0.82,0.8
2018-03-12,0.81,0.8,0.81,0.8
2018-03-13,0.83,0.81,0.84,0.8
2018-03-14,0.84,0.83,0.84,0.82
2018-03-15,0.83,0.83,0.84,0.83
2018-03-18,0.84,0.84,0.84,0.84
2018-03-19,0.82,0.83,0.84,0.82
2018-03-20,0.8,0.82,0.82,0.8
2018-03-21,0.79,0.8,0.8,0.79
2018-03-22,0.78,0.79,0.8,0.78
2018-03-25,0.78,0.77,0.79,0.77
2018-03-26,0.71,0.72,0.73,0.71
2018-03-27,0.69,0.7,0.7,0.69
2018-03-28,0.69,0.7,0.7,0.69
2018-03-29,0.68,0.69,0.69,0.67
2018-04-01,0.69,0.68,0.69,0.67
2018-04-02,0.68,0.68,0.69,0.67
2018-04-03,0.68,0.67,0.68,0.67
2018-04-04,0.68,0.68,0.68,0.67
2018-04-05,0.69,0.68,0.69,0.68
2018-04-08,0.68,0.68,0.68,0.67
2018-04-09,0.67,0.67,0.67,0.67
2018-04-10,0.66,0.67,0.67,0.66
2018-04-11,0.67,0.67,0.67,0.66
2018-04-12,0.65,0.66,0.67,0.65
2018-04-15,0.67,0.66,0.67,0.66
2018-04-16,0.67,0.67,0.67,0.66
2018-04-17,0.67,0.67,0.67,0.66
2018-04-18,0.68,0.67,0.68,0.67
2018-04-19,0.66,0.67,0.67,0.66
2018-04-22,0.67,0.66,0.68,0.66
2018-04-23,0.66,0.67,0.67,0.66
2018-04-24,0.66,0.66,0.66,0.65
2018-04-25,0.64,0.66,0.66,0.64
2018-04-26,0.65,0.65,0.66,0.65
2018-04-29,0.66,0.65,0.66,0.64
2018-04-30,0.66,0.65,0.66,0.65
2018-05-01,0.67,0.66,0.67,0.66
2018-05-02,0.67,0.66,0.67,0.66
2018-05-03,0.67,0.65,0.67,0.65
2018-05-06,0.66,0.66,0.66,0.65
2018-05-07,0.66,0.67,0.67,0.66
2018-05-08,0.66,0.66,0.67,0.65
2018-05-09,0.65,0.67,0.67,0.64
2018-05-13,0.64,0.65,0.65,0.64
2018-05-14,0.65,0.64,0.65,0.64
2018-05-15,0.65,0.64,0.65,0.64
2018-05-16,0.64,0.65,0.66,0.64
2018-05-17,0.64,0.64,0.65,0.64
2018-05-20,0.65,0.64,0.65,0.64
2018-05-21,0.66,0.65,0.66,0.65
2018-05-22,0.65,0.65,0.66,0.65
2018-05-23,0.66,0.66,0.66,0.65
2018-05-24,0.66,0.66,0.66,0.66
2018-05-27,0.66,0.66,0.67,0.65
2018-05-28,0.66,0.66,0.67,0.65
2018-05-29,0.65,0.65,0.66,0.65
2018-05-30,0.65,0.65,0.66,0.65
2018-05-31,0.65,0.64,0.65,0.64
2018-06-03,0.64,0.65,0.66,0.64
2018-06-04,0.65,0.64,0.65,0.64
2018-06-05,0.64,0.65,0.66,0.64
2018-06-06,0.65,0.65,0.66,0.65
2018-06-07,0.66,0.65,0.66,0.65
2018-06-10,0.66,0.66,0.66,0.65
2018-06-11,0.66,0.66,0.66,0.66
2018-06-12,0.66,0.67,0.68,0.66
2018-06-13,0.66,0.67,0.67,0.66
2018-06-14,0.67,0.67,0.67,0.67
2018-06-18,0.65,0.67,0.67,0.65
2018-06-19,0.65,0.66,0.66,0.65
2018-06-20,0.65,0.65,0.66,0.65
2018-06-21,0.65,0.65,0.66,0.65
2018-06-24,0.65,0.66,0.66,0.65
2018-06-25,0.64,0.65,0.65,0.64
2018-06-26,0.64,0.64,0.65,0.64
2018-06-27,0.63,0.64,0.64,0.63
2018-06-28,0.64,0.63,0.64,0.63
2018-07-01,0.64,0.63,0.64,0.63
2018-07-02,0.63,0.64,0.64,0.63
2018-07-03,0.63,0.63,0.63,0.63
2018-07-04,0.65,0.64,0.65,0.64
2018-07-05,0.65,0.64,0.65,0.64
2018-07-08,0.65,0.65,0.66,0.65
2018-07-09,0.65,0.65,0.65,0.65
2018-07-10,0.66,0.65,0.66,0.64
2018-07-11,0.65,0.65,0.66,0.65
2018-07-12,0.66,0.65,0.66,0.65
2018-07-15,0.66,0.66,0.66,0.66
2018-07-16,0.66,0.66,0.66,0.66
2018-07-17,0.66,0.66,0.67,0.66
2018-07-18,0.66,0.67,0.67,0.66
2018-07-19,0.66,0.66,0.67,0.66
2018-07-22,0.66,0.66,0.67,0.66
2018-07-23,0.65,0.67,0.67,0.65
2018-07-24,0.65,0.66,0.66,0.65
2018-07-25,0.66,0.66,0.66,0.66
2018-07-26,0.66,0.66,0.66,0.66
2018-07-29,0.66,0.66,0.66,0.65
2018-07-30,0.66,0.66,0.67,0.65
2018-07-31,0.67,0.66,0.67,0.66
2018-08-01,0.66,0.67,0.67,0.66
2018-08-02,0.67,0.67,0.67,0.67
2018-08-05,0.65,0.66,0.66,0.65
2018-08-06,0.65,0.65,0.65,0.63
2018-08-07,0.64,0.64,0.64,0.64
2018-08-08,0.64,0.64,0.64,0.64
2018-08-09,0.64,0.65,0.65,0.64
2018-08-12,0.63,0.64,0.64,0.63
2018-08-13,0.63,0.64,0.64,0.63
2018-08-14,0.63,0.64,0.64,0.63
2018-08-15,0.63,0.63,0.64,0.63
2018-08-16,0.62,0.63,0.63,0.62
2018-08-19,0.6,0.62,0.62,0.6
2018-08-26,0.61,0.61,0.61,0.59
2018-08-27,0.61,0.6,0.61,0.6
2018-08-28,0.6,0.61,0.62,0.6
2018-08-29,0.6,0.61,0.61,0.6
2018-08-30,0.62,0.61,0.62,0.6
2018-09-02,0.618,0.61,0.618,0.602
2018-09-03,0.617,0.61,0.619,0.61
2018-09-04,0.61,0.61,0.611,0.605
2018-09-05,0.615,0.606,0.615,0.601
2018-09-06,0.611,0.603,0.618,0.601
2018-09-09,0.618,0.613,0.618,0.61
2018-09-10,0.613,0.613,0.613,0.61
2018-09-11,0.606,0.612,0.62,0.604
2018-09-12,0.607,0.61,0.61,0.605
2018-09-16,0.61,0.61,0.613,0.605
2018-09-17,0.602,0.603,0.61,0.602
2018-09-18,0.605,0.604,0.606,0.6
2018-09-19,0.605,0.605,0.61,0.605
2018-09-20,0.61,0.605,0.61,0.605
2018-09-23,0.6,0.601,0.61,0.6
2018-09-24,0.612,0.601,0.612,0.601
2018-09-25,0.605,0.605,0.605,0.605
2018-09-26,0.609,0.61,0.61,0.601
2018-09-27,0.6,0.6,0.61,0.6
2018-09-30,0.61,0.601,0.61,0.601
2018-10-01,0.613,0.61,0.614,0.605
2018-10-02,0.606,0.605,0.614,0.605
2018-10-03,0.618,0.607,0.618,0.607
2018-10-04,0.607,0.612,0.616,0.606
2018-10-07,0.617,0.607,0.618,0.607
2018-10-08,0.61,0.608,0.619,0.606
2018-10-09,0.611,0.618,0.618,0.61
2018-10-10,0.615,0.613,0.62,0.613
2018-10-11,0.615,0.615,0.618,0.611
2018-10-14,0.61,0.611,0.62,0.61
2018-10-15,0.619,0.606,0.62,0.603
2018-10-16,0.615,0.618,0.618,0.61
2018-10-17,0.62,0.61,0.62,0.61
2018-10-18,0.62,0.61,0.62,0.61
2018-10-21,0.61,0.616,0.62,0.605
2018-10-22,0.61,0.61,0.615,0.61
2018-10-23,0.605,0.61,0.61,0.605
2018-10-24,0.609,0.605,0.609,0.603
2018-10-25,0.607,0.604,0.607,0.6
2018-10-28,0.585,0.601,0.601,0.58
2018-10-29,0.565,0.571,0.571,0.561
2018-10-30,0.546,0.552,0.552,0.531
2018-10-31,0.557,0.549,0.562,0.549
2018-11-01,0.584,0.563,0.584,0.562
2018-11-04,0.57,0.575,0.579,0.57
2018-11-05,0.569,0.571,0.571,0.562
2018-11-06,0.58,0.578,0.58,0.571
2018-11-07,0.589,0.579,0.589,0.579
2018-11-08,0.59,0.588,0.59,0.582
2018-11-11,0.58,0.581,0.581,0.58
2018-11-12,0.574,0.578,0.586,0.574
2018-11-13,0.57,0.571,0.571,0.57
2018-11-14,0.562,0.57,0.58,0.562
2018-11-15,0.579,0.569,0.579,0.564
2018-11-19,0.57,0.564,0.578,0.564
2018-11-20,0.543,0.563,0.563,0.543
2018-11-21,0.545,0.549,0.553,0.543
2018-11-22,0.549,0.543,0.549,0.538
2018-11-25,0.531,0.532,0.532,0.531
2018-11-26,0.534,0.536,0.536,0.532
2018-11-27,0.534,0.535,0.535,0.52
2018-11-28,0.514,0.534,0.534,0.51
2018-11-29,0.511,0.519,0.519,0.511
2018-12-04,0.501,0.514,0.514,0.501
2018-12-05,0.512,0.504,0.518,0.5
2018-12-06,0.51,0.505,0.516,0.505
2018-12-09,0.503,0.514,0.514,0.503
2018-12-10,0.488,0.508,0.508,0.481
2018-12-11,0.474,0.482,0.482,0.451
2018-12-12,0.49,0.473,0.49,0.463
2018-12-13,0.499,0.49,0.499,0.48
2018-12-16,0.481,0.482,0.49,0.472
2018-12-17,0.484,0.485,0.49,0.484
2018-12-18,0.48,0.48,0.48,0.461
2018-12-19,0.509,0.49,0.51,0.49
2018-12-20,0.51,0.5,0.51,0.5
2018-12-23,0.505,0.509,0.51,0.491
2018-12-24,0.493,0.505,0.505,0.491
2018-12-25,0.49,0.491,0.491,0.48
2018-12-26,0.495,0.483,0.495,0.483
2018-12-27,0.493,0.494,0.494,0.485
2018-12-30,0.49,0.493,0.493,0.48
2018-12-31,0.495,0.485,0.495,0.482
2019-01-03,0.5,0.489,0.5,0.489
2019-01-06,0.49,0.504,0.505,0.49
2019-01-07,0.49,0.493,0.497,0.49
2019-01-08,0.485,0.486,0.486,0.485
2019-01-09,0.48,0.485,0.49,0.472
2019-01-10,0.479,0.48,0.485,0.47
2019-01-13,0.476,0.47,0.48,0.47
2019-01-14,0.473,0.48,0.482,0.472
2019-01-15,0.472,0.48,0.48,0.467
2019-01-16,0.472,0.472,0.472,0.47
2019-01-17,0.471,0.47,0.472,0.47
2019-01-20,0.465,0.47,0.471,0.465
2019-01-21,0.47,0.465,0.47,0.465
2019-01-22,0.471,0.462,0.471,0.461
2019-01-23,0.456,0.461,0.461,0.456
2019-01-24,0.459,0.455,0.459,0.452
2019-01-27,0.46,0.45,0.46,0.45
2019-01-28,0.46,0.45,0.46,0.45
2019-01-29,0.455,0.463,0.463,0.455
2019-01-30,0.461,0.452,0.461,0.452
2019-01-31,0.465,0.46,0.466,0.46
2019-02-03,0.466,0.469,0.469,0.461
2019-02-04,0.469,0.462,0.469,0.462
2019-02-05,0.466,0.46,0.466,0.45
2019-02-06,0.469,0.466,0.469,0.46
2019-02-07,0.465,0.46,0.465,0.452
2019-02-10,0.465,0.458,0.465,0.458
2019-02-11,0.46,0.467,0.467,0.456
2019-02-12,0.45,0.453,0.458,0.45
2019-02-13,0.455,0.446,0.455,0.43
2019-02-17,0.46,0.431,0.46,0.431
2019-02-18,0.463,0.45,0.469,0.45
2019-02-19,0.453,0.461,0.461,0.45
2019-02-20,0.458,0.45,0.458,0.45
2019-02-21,0.459,0.45,0.46,0.446
2019-02-24,0.451,0.451,0.455,0.443
2019-02-25,0.45,0.45,0.452,0.45
2019-02-26,0.45,0.451,0.452,0.45
2019-02-27,0.456,0.452,0.457,0.451
2019-02-28,0.463,0.453,0.463,0.45
2019-03-03,0.458,0.463,0.463,0.458
2019-03-04,0.46,0.462,0.463,0.458
2019-03-05,0.463,0.461,0.463,0.46
2019-03-06,0.465,0.458,0.465,0.458
2019-03-07,0.464,0.46,0.464,0.46
2019-03-10,0.464,0.46,0.464,0.457
2019-03-11,0.454,0.456,0.458,0.448
2019-03-12,0.458,0.457,0.465,0.457
2019-03-13,0.459,0.462,0.462,0.455
2019-03-14,0.451,0.463,0.466,0.451
2019-03-17,0.456,0.451,0.456,0.451
2019-03-18,0.456,0.456,0.459,0.451
2019-03-19,0.437,0.451,0.451,0.437
2019-03-20,0.435,0.437,0.45,0.435
2019-03-21,0.443,0.436,0.443,0.436
2019-03-24,0.437,0.438,0.442,0.43
2019-03-25,0.427,0.43,0.43,0.42
2019-03-26,0.424,0.429,0.43,0.422
2019-03-27,0.427,0.429,0.43,0.427
2019-03-28,0.426,0.426,0.43,0.423
2019-03-31,0.42,0.426,0.426,0.42
2019-04-01,0.417,0.42,0.427,0.417
2019-04-02,0.424,0.417,0.426,0.41
2019-04-03,0.43,0.421,0.434,0.421
2019-04-04,0.432,0.428,0.44,0.428
2019-04-07,0.437,0.432,0.438,0.431
2019-04-09,0.442,0.435,0.448,0.435
2019-04-10,0.443,0.448,0.45,0.443
2019-04-11,0.447,0.448,0.455,0.444
2019-04-14,0.442,0.442,0.444,0.442
2019-04-15,0.45,0.442,0.453,0.442
2019-04-16,0.45,0.453,0.453,0.446
2019-04-17,0.485,0.449,0.485,0.449
2019-04-18,0.483,0.49,0.499,0.482
2019-04-21,0.496,0.49,0.5,0.485
2019-04-22,0.497,0.491,0.501,0.49
2019-04-23,0.487,0.497,0.5,0.48
2019-04-24,0.475,0.472,0.48,0.472
2019-04-25,0.476,0.483,0.484,0.476
2019-04-28,0.486,0.48,0.486,0.48
2019-04-29,0.474,0.476,0.477,0.47
2019-04-30,0.477,0.461,0.477,0.455
2019-05-01,0.47,0.464,0.48,0.464
2019-05-02,0.47,0.465,0.471,0.465
2019-05-05,0.449,0.465,0.465,0.44
2019-05-06,0.441,0.441,0.442,0.441
2019-05-07,0.438,0.45,0.45,0.435
2019-05-08,0.437,0.444,0.447,0.437
2019-05-09,0.44,0.44,0.44,0.44
2019-05-12,0.406,0.434,0.434,0.397
2019-05-13,0.4,0.405,0.405,0.392
2019-05-14,0.43,0.403,0.43,0.402
2019-05-15,0.421,0.41,0.421,0.41
2019-05-16,0.416,0.411,0.43,0.411
2019-05-19,0.41,0.413,0.413,0.405
2019-05-20,0.403,0.413,0.413,0.403
2019-05-21,0.405,0.401,0.405,0.401
2019-05-22,0.416,0.406,0.42,0.406
2019-05-23,0.417,0.406,0.417,0.403
2019-05-26,0.417,0.41,0.417,0.407
2019-05-27,0.417,0.417,0.417,0.417
2019-05-28,0.415,0.417,0.423,0.415
2019-05-29,0.429,0.42,0.429,0.42
2019-05-30,0.43,0.425,0.43,0.425
2019-06-09,0.43,0.43,0.43,0.43
2019-06-10,0.434,0.43,0.445,0.43
2019-06-11,0.437,0.433,0.437,0.432
2019-06-12,0.44,0.437,0.44,0.437
2019-06-13,0.418,0.436,0.436,0.415
2019-06-16,0.42,0.424,0.43,0.42
2019-06-17,0.422,0.425,0.429,0.421
2019-06-18,0.419,0.423,0.423,0.419
2019-06-19,0.425,0.42,0.425,0.419
2019-06-20,0.433,0.423,0.438,0.422
2019-06-23,0.417,0.421,0.422,0.417
2019-06-24,0.42,0.425,0.425,0.42
2019-06-25,0.42,0.417,0.42,0.417
2019-06-26,0.426,0.424,0.426,0.424
2019-06-27,0.43,0.427,0.43,0.427
2019-06-30,0.432,0.427,0.432,0.427
2019-07-01,0.428,0.43,0.43,0.426
2019-07-02,0.436,0.427,0.439,0.427
2019-07-03,0.431,0.431,0.44,0.431
2019-07-04,0.434,0.432,0.445,0.432
2019-07-07,0.437,0.435,0.439,0.435
2019-07-08,0.44,0.44,0.442,0.44
2019-07-09,0.44,0.44,0.44,0.44
2019-07-10,0.438,0.439,0.444,0.437
2019-07-11,0.427,0.44,0.44,0.425
2019-07-14,0.437,0.421,0.437,0.421
2019-07-15,0.435,0.439,0.44,0.435
2019-07-16,0.44,0.44,0.442,0.435
2019-07-17,0.446,0.442,0.448,0.437
2019-07-18,0.448,0.449,0.449,0.443
2019-07-21,0.445,0.446,0.451,0.444
2019-07-22,0.449,0.443,0.449,0.443
2019-07-23,0.45,0.444,0.451,0.444
2019-07-24,0.455,0.45,0.455,0.446
2019-07-25,0.466,0.46,0.48,0.455
2019-07-28,0.465,0.475,0.475,0.461
2019-07-29,0.477,0.462,0.48,0.462
2019-07-30,0.479,0.484,0.484,0.475
2019-07-31,0.478,0.48,0.48,0.475
2019-08-01,0.47,0.475,0.479,0.47
2019-08-04,0.469,0.465,0.473,0.46
2019-08-05,0.458,0.47,0.47,0.449
2019-08-06,0.46,0.455,0.46,0.455
2019-08-07,0.46,0.46,0.46,0.459
2019-08-08,0.449,0.46,0.46,0.448
2019-08-14,0.444,0.445,0.45,0.443
2019-08-15,0.445,0.445,0.454,0.445
2019-08-18,0.455,0.448,0.455,0.448
2019-08-19,0.444,0.455,0.455,0.44
2019-08-20,0.444,0.435,0.444,0.433
2019-08-21,0.441,0.441,0.441,0.441
2019-08-22,0.444,0.44,0.445,0.436
2019-08-25,0.44,0.44,0.44,0.433
2019-08-26,0.44,0.435,0.44,0.43
2019-08-27,0.443,0.44,0.443,0.436
2019-08-28,0.454,0.444,0.454,0.444
2019-08-29,0.443,0.446,0.446,0.442
2019-09-01,0.436,0.443,0.443,0.436
2019-09-02,0.44,0.444,0.444,0.44
2019-09-03,0.44,0.437,0.444,0.437
2019-09-04,0.458,0.444,0.461,0.442
2019-09-05,0.451,0.459,0.46,0.45
2019-09-08,0.45,0.45,0.458,0.45
2019-09-09,0.45,0.45,0.45,0.45
2019-09-10,0.455,0.457,0.465,0.455
2019-09-11,0.455,0.452,0.455,0.451
2019-09-12,0.453,0.453,0.455,0.453
2019-09-15,0.45,0.451,0.454,0.45
2019-09-16,0.46,0.45,0.46,0.45
2019-09-17,0.46,0.455,0.46,0.455
2019-09-18,0.45,0.46,0.46,0.45
2019-09-19,0.441,0.45,0.459,0.441
2019-09-22,0.45,0.45,0.451,0.442
2019-09-23,0.445,0.45,0.454,0.445
2019-09-24,0.455,0.448,0.455,0.445
2019-09-25,0.448,0.447,0.448,0.447
2019-09-26,0.445,0.449,0.449,0.443
2019-09-29,0.443,0.442,0.449,0.442
2019-09-30,0.453,0.441,0.453,0.441
2019-10-01,0.451,0.45,0.453,0.45
2019-10-02,0.445,0.447,0.447,0.445
2019-10-03,0.45,0.449,0.45,0.442
2019-10-06,0.446,0.453,0.453,0.446
2019-10-07,0.45,0.448,0.45,0.44
2019-10-08,0.458,0.444,0.458,0.444
2019-10-09,0.446,0.449,0.459,0.446
2019-10-10,0.446,0.446,0.446,0.446
2019-10-13,0.446,0.445,0.446,0.445
2019-10-14,0.45,0.445,0.468,0.443
2019-10-15,0.468,0.459,0.475,0.455
2019-10-16,0.456,0.464,0.464,0.456
2019-10-17,0.455,0.455,0.46,0.455
2019-10-20,0.459,0.455,0.459,0.451
2019-10-21,0.455,0.451,0.457,0.45
2019-10-22,0.446,0.455,0.459,0.446
2019-10-23,0.452,0.45,0.452,0.446
2019-10-24,0.45,0.449,0.45,0.449
2019-10-27,0.46,0.455,0.467,0.455
2019-10-28,0.46,0.463,0.463,0.456
2019-10-29,0.454,0.456,0.457,0.453
2019-10-30,0.456,0.453,0.456,0.452
2019-10-31,0.458,0.458,0.458,0.458
2019-11-03,0.456,0.458,0.458,0.456
2019-11-04,0.457,0.458,0.458,0.451
2019-11-05,0.448,0.451,0.455,0.448
2019-11-06,0.446,0.448,0.45,0.446
2019-11-07,0.447,0.45,0.45,0.447
2019-11-10,0.445,0.446,0.446,0.445
2019-11-11,0.441,0.445,0.445,0.44
2019-11-12,0.45,0.44,0.45,0.44
2019-11-13,0.446,0.441,0.446,0.441
2019-11-14,0.444,0.441,0.444,0.441
2019-11-17,0.44,0.441,0.441,0.44
2019-11-18,0.445,0.436,0.445,0.433
2019-11-19,0.449,0.438,0.449,0.438
2019-11-20,0.44,0.449,0.449,0.433
2019-11-21,0.439,0.434,0.439,0.43
2019-11-24,0.427,0.424,0.43,0.414
2019-11-25,0.432,0.427,0.432,0.427
2019-11-26,0.422,0.422,0.422,0.422
2019-11-27,0.42,0.423,0.423,0.418
2019-11-28,0.42,0.418,0.42,0.414
2019-12-04,0.417,0.417,0.422,0.417
2019-12-05,0.422,0.413,0.425,0.413
2019-12-08,0.424,0.416,0.425,0.416
2019-12-09,0.43,0.424,0.435,0.424
2019-12-10,0.43,0.425,0.433,0.425
2019-12-11,0.43,0.43,0.431,0.423
2019-12-12,0.43,0.43,0.435,0.428
2019-12-15,0.432,0.43,0.432,0.43
2019-12-16,0.426,0.428,0.432,0.426
2019-12-17,0.421,0.425,0.43,0.421
2019-12-18,0.429,0.423,0.43,0.42
2019-12-19,0.429,0.424,0.429,0.424
2019-12-22,0.43,0.429,0.43,0.428
2019-12-23,0.43,0.426,0.43,0.426
2019-12-24,0.429,0.426,0.429,0.425
2019-12-25,0.427,0.423,0.429,0.423
2019-12-26,0.43,0.43,0.43,0.426
2019-12-29,0.43,0.427,0.431,0.427
2019-12-30,0.43,0.427,0.43,0.427
2019-12-31,0.435,0.43,0.435,0.43
2020-01-02,0.437,0.432,0.437,0.432
2020-01-05,0.432,0.429,0.433,0.42
2020-01-06,0.431,0.428,0.431,0.427
2020-01-07,0.433,0.43,0.433,0.428
2020-01-08,0.43,0.43,0.433,0.425
2020-01-09,0.43,0.433,0.437,0.43
2020-01-12,0.43,0.429,0.43,0.429
2020-01-13,0.445,0.432,0.445,0.432
2020-01-14,0.442,0.44,0.448,0.44
2020-01-15,0.455,0.442,0.455,0.442
2020-01-16,0.453,0.454,0.455,0.446
2020-01-19,0.458,0.448,0.47,0.448
2020-01-20,0.466,0.456,0.467,0.456
2020-01-21,0.465,0.464,0.465,0.46
2020-01-22,0.466,0.46,0.466,0.46
2020-01-23,0.455,0.46,0.46,0.453
2020-01-26,0.464,0.464,0.464,0.464
2020-01-27,0.45,0.464,0.466,0.45
2020-01-28,0.464,0.454,0.465,0.452
2020-01-29,0.465,0.46,0.465,0.46
2020-01-30,0.464,0.468,0.468,0.455
2020-02-02,0.445,0.46,0.46,0.445
2020-02-04,0.442,0.442,0.443,0.442
2020-02-05,0.456,0.44,0.456,0.43
2020-02-06,0.439,0.45,0.45,0.437
2020-02-09,0.432,0.43,0.435,0.43
2020-02-10,0.43,0.432,0.436,0.43
2020-02-11,0.435,0.43,0.437,0.43
2020-02-12,0.435,0.435,0.435,0.43
2020-02-13,0.43,0.43,0.433,0.425
2020-02-16,0.45,0.465,0.465,0.447
2020-02-17,0.451,0.45,0.455,0.448
2020-02-18,0.45,0.45,0.463,0.45
2020-02-19,0.451,0.45,0.458,0.45
2020-02-20,0.452,0.45,0.46,0.45
2020-02-23,0.451,0.452,0.452,0.451
2020-02-24,0.444,0.451,0.451,0.441
2020-02-25,0.44,0.441,0.448,0.44
2020-02-26,0.435,0.436,0.444,0.435
2020-02-27,0.435,0.432,0.435,0.43
2020-03-01,0.418,0.421,0.421,0.4
2020-03-02,0.43,0.415,0.435,0.415
2020-03-03,0.428,0.435,0.445,0.428
2020-03-04,0.415,0.42,0.437,0.415
2020-03-05,0.429,0.42,0.429,0.415
2020-03-08,0.43,0.405,0.43,0.4
2020-03-09,0.387,0.39,0.39,0.387
2020-03-10,0.402,0.38,0.41,0.38
2020-03-11,0.4,0.394,0.423,0.392
2020-03-12,0.372,0.39,0.39,0.363
2020-03-15,0.399,0.372,0.399,0.372
2020-03-16,0.38,0.38,0.383,0.38
2020-03-17,0.351,0.37,0.38,0.35
2020-03-18,0.37,0.345,0.38,0.345
2020-03-19,0.363,0.353,0.395,0.352
2020-03-22,0.393,0.365,0.4,0.365
2020-03-23,0.377,0.394,0.394,0.376
2020-03-24,0.385,0.385,0.399,0.385
2020-03-25,0.4,0.399,0.408,0.399
2020-03-26,0.398,0.4,0.411,0.397
2020-03-29,0.413,0.402,0.413,0.396
2020-03-30,0.393,0.393,0.393,0.393
2020-03-31,0.374,0.374,0.374,0.374
2020-04-01,0.356,0.356,0.363,0.356
2020-04-02,0.359,0.342,0.373,0.342
2020-04-05,0.35,0.345,0.357,0.345
2020-04-06,0.333,0.343,0.343,0.333
2020-04-07,0.35,0.338,0.35,0.338
2020-04-08,0.342,0.355,0.355,0.336
2020-04-09,0.344,0.35,0.35,0.343
2020-04-12,0.35,0.355,0.355,0.35
2020-04-13,0.36,0.355,0.365,0.353
2020-04-14,0.353,0.36,0.36,0.35
2020-04-15,0.347,0.352,0.357,0.347
2020-04-16,0.35,0.345,0.354,0.345
2020-04-19,0.355,0.354,0.355,0.35
2020-04-20,0.35,0.345,0.35,0.34
2020-04-21,0.34,0.354,0.354,0.339
2020-04-22,0.34,0.34,0.348,0.335
2020-04-23,0.347,0.343,0.347,0.342
2020-04-26,0.357,0.342,0.359,0.342
2020-04-27,0.367,0.355,0.37,0.351
2020-04-28,0.37,0.367,0.372,0.36
2020-04-29,0.369,0.369,0.37,0.364
2020-04-30,0.37,0.37,0.371,0.364
2020-05-03,0.352,0.362,0.362,0.352
2020-05-04,0.356,0.335,0.356,0.335
2020-05-05,0.35,0.365,0.365,0.35
2020-05-06,0.346,0.365,0.365,0.344
2020-05-07,0.343,0.34,0.343,0.34
2020-05-10,0.353,0.345,0.353,0.343
2020-05-11,0.342,0.345,0.35,0.34
2020-05-12,0.343,0.342,0.352,0.342
2020-05-13,0.355,0.353,0.355,0.351
2020-05-14,0.35,0.35,0.351,0.35
2020-05-17,0.353,0.35,0.353,0.35
2020-05-18,0.348,0.355,0.355,0.344
2020-05-19,0.353,0.358,0.36,0.348
2020-05-20,0.347,0.347,0.347,0.342
2020-05-21,0.342,0.345,0.348,0.34
2020-05-27,0.344,0.34,0.349,0.338
2020-05-28,0.327,0.342,0.342,0.327
2020-05-31,0.334,0.327,0.334,0.327
2020-06-01,0.331,0.331,0.337,0.331
2020-06-02,0.33,0.333,0.333,0.33
2020-06-03,0.344,0.339,0.349,0.339
2020-06-04,0.349,0.348,0.349,0.345
2020-06-07,0.36,0.349,0.364,0.348
2020-06-08,0.356,0.362,0.363,0.35
2020-06-09,0.35,0.357,0.359,0.348
2020-06-10,0.355,0.347,0.356,0.347
2020-06-11,0.349,0.351,0.354,0.346
2020-06-14,0.353,0.347,0.354,0.346
2020-06-15,0.347,0.355,0.355,0.345
2020-06-16,0.349,0.354,0.354,0.348
2020-06-17,0.363,0.354,0.363,0.349
2020-06-18,0.355,0.36,0.369,0.355
2020-06-21,0.358,0.358,0.359,0.353
2020-06-22,0.358,0.364,0.364,0.355
2020-06-23,0.36,0.364,0.364,0.357
2020-06-24,0.36,0.357,0.363,0.357
2020-06-25,0.354,0.359,0.359,0.353
2020-06-28,0.358,0.353,0.358,0.352
2020-06-29,0.356,0.358,0.358,0.352
2020-06-30,0.352,0.352,0.354,0.35
2020-07-01,0.355,0.35,0.355,0.345
2020-07-02,0.35,0.355,0.355,0.35
2020-07-05,0.349,0.35,0.35,0.349
2020-07-06,0.358,0.35,0.358,0.349
2020-07-07,0.358,0.358,0.358,0.355
2020-07-08,0.352,0.353,0.358,0.352
2020-07-09,0.352,0.352,0.352,0.352
2020-07-12,0.357,0.352,0.357,0.351
2020-07-13,0.35,0.354,0.354,0.35
2020-07-14,0.35,0.353,0.36,0.35
2020-07-15,0.353,0.357,0.357,0.353
2020-07-16,0.353,0.351,0.353,0.351
2020-07-19,0.353,0.353,0.358,0.353
2020-07-20,0.354,0.353,0.358,0.353
2020-07-21,0.364,0.354,0.364,0.352
2020-07-22,0.367,0.365,0.373,0.364
2020-07-23,0.365,0.37,0.37,0.365
2020-07-26,0.375,0.362,0.375,0.36
2020-07-27,0.376,0.376,0.38,0.37
2020-07-28,0.375,0.373,0.379,0.371
2020-07-29,0.379,0.373,0.385,0.373
2020-08-03,0.382,0.38,0.386,0.378
2020-08-04,0.382,0.376,0.383,0.373
2020-08-05,0.38,0.378,0.38,0.376
2020-08-06,0.379,0.38,0.38,0.376
2020-08-09,0.38,0.377,0.381,0.377
2020-08-10,0.385,0.38,0.386,0.38
2020-08-11,0.387,0.388,0.388,0.385
2020-08-12,0.385,0.382,0.385,0.381
2020-08-13,0.386,0.382,0.39,0.382
2020-08-16,0.387,0.388,0.388,0.384
2020-08-17,0.392,0.385,0.392,0.385
2020-08-18,0.393,0.39,0.396,0.39
2020-08-19,0.39,0.398,0.398,0.39
2020-08-20,0.393,0.398,0.398,0.387
2020-08-24,0.404,0.397,0.405,0.395
2020-08-25,0.396,0.396,0.404,0.394
2020-08-26,0.392,0.396,0.4,0.392
2020-08-27,0.399,0.395,0.399,0.393
2020-08-30,0.393,0.399,0.4,0.393
2020-08-31,0.395,0.393,0.402,0.393
2020-09-01,0.394,0.4,0.4,0.394
2020-09-02,0.399,0.395,0.4,0.393
2020-09-03,0.395,0.398,0.399,0.395
2020-09-06,0.39,0.395,0.395,0.389
2020-09-07,0.39,0.394,0.395,0.39
2020-09-08,0.394,0.389,0.394,0.387
2020-09-09,0.39,0.388,0.394,0.385
2020-09-10,0.393,0.393,0.394,0.389
2020-09-13,0.397,0.391,0.397,0.391
2020-09-14,0.394,0.393,0.395,0.393
2020-09-15,0.395,0.395,0.399,0.39
2020-09-16,0.394,0.395,0.399,0.393
2020-09-17,0.397,0.395,0.397,0.39
2020-09-20,0.391,0.396,0.396,0.391
2020-09-21,0.385,0.393,0.393,0.385
2020-09-22,0.385,0.385,0.385,0.38
2020-09-23,0.387,0.386,0.392,0.386
2020-09-24,0.39,0.385,0.39,0.381
2020-09-27,0.386,0.382,0.39,0.382
2020-09-28,0.385,0.39,0.391,0.385
2020-09-29,0.386,0.383,0.392,0.383
2020-09-30,0.381,0.384,0.39,0.38
2020-10-01,0.381,0.381,0.39,0.379
2020-10-04,0.383,0.386,0.386,0.381
2020-10-05,0.381,0.385,0.385,0.38
2020-10-06,0.38,0.38,0.382,0.38
2020-10-07,0.38,0.38,0.383,0.38
2020-10-08,0.386,0.38,0.388,0.38
2020-10-11,0.381,0.382,0.385,0.381
2020-10-12,0.382,0.385,0.386,0.382
2020-10-13,0.381,0.383,0.385,0.381
2020-10-14,0.385,0.381,0.387,0.38
2020-10-15,0.38,0.381,0.385,0.38
2020-10-18,0.383,0.384,0.384,0.383
2020-10-19,0.383,0.381,0.384,0.38
2020-10-20,0.381,0.381,0.381,0.38
2020-10-21,0.38,0.38,0.381,0.38
2020-10-22,0.384,0.384,0.385,0.384
2020-10-25,0.382,0.382,0.385,0.382
2020-10-26,0.385,0.38,0.385,0.38
2020-10-27,0.39,0.385,0.39,0.385
2020-10-28,0.385,0.386,0.386,0.385
2020-11-01,0.389,0.385,0.389,0.385
2020-11-02,0.388,0.385,0.388,0.38
2020-11-03,0.388,0.381,0.388,0.38
2020-11-04,0.38,0.386,0.386,0.38
2020-11-05,0.393,0.385,0.393,0.38
2020-11-08,0.387,0.391,0.391,0.385
2020-11-09,0.394,0.392,0.394,0.388
2020-11-10,0.4,0.388,0.4,0.388
2020-11-11,0.404,0.4,0.406,0.398
2020-11-12,0.404,0.403,0.409,0.401
2020-11-15,0.415,0.408,0.418,0.408
2020-11-16,0.429,0.415,0.431,0.415
2020-11-17,0.422,0.43,0.434,0.422
2020-11-18,0.426,0.422,0.43,0.418
2020-11-19,0.43,0.433,0.437,0.43
2020-11-22,0.423,0.427,0.429,0.423
2020-11-23,0.424,0.422,0.43,0.422
2020-11-24,0.429,0.426,0.434,0.426
2020-11-25,0.434,0.435,0.435,0.427
2020-11-26,0.433,0.428,0.434,0.428
2020-11-29,0.434,0.434,0.434,0.427
2020-11-30,0.434,0.427,0.434,0.425
2020-12-06,0.46,0.434,0.46,0.426
2020-12-07,0.47,0.46,0.47,0.445
2020-12-08,0.474,0.452,0.474,0.45
2020-12-09,0.479,0.474,0.48,0.466
2020-12-10,0.476,0.479,0.479,0.467
2020-12-13,0.475,0.453,0.475,0.453
2020-12-14,0.476,0.463,0.476,0.46
2020-12-15,0.476,0.475,0.476,0.463
2020-12-16,0.471,0.475,0.475,0.471
2020-12-17,0.475,0.473,0.476,0.472
2020-12-20,0.477,0.474,0.483,0.474
2020-12-21,0.46,0.467,0.467,0.454
2020-12-22,0.468,0.452,0.47,0.452
2020-12-23,0.469,0.469,0.47,0.462
2020-12-24,0.474,0.467,0.475,0.467
2020-12-27,0.474,0.476,0.477,0.47
2020-12-28,0.471,0.474,0.474,0.471
2020-12-29,0.471,0.471,0.472,0.47
2020-12-30,0.48,0.476,0.482,0.475
